Date_Key	Full_Date	Day	Month	Year
20240101	1/1/2024	1	1	2024
20240102	1/2/2024	2	1	2024
20240103	1/3/2024	3	1	2024
20240104	1/4/2024	4	1	2024
20240105	1/5/2024	5	1	2024
20240106	1/6/2024	6	1	2024
20240107	1/7/2024	7	1	2024
20240108	1/8/2024	8	1	2024
20240109	1/9/2024	9	1	2024
20240110	1/10/2024	10	1	2024
20240111	1/11/2024	11	1	2024
20240112	1/12/2024	12	1	2024
20240113	1/13/2024	13	1	2024
20240114	1/14/2024	14	1	2024
20240115	1/15/2024	15	1	2024
20240116	1/16/2024	16	1	2024
20240117	1/17/2024	17	1	2024
20240118	1/18/2024	18	1	2024
20240119	1/19/2024	19	1	2024
20240120	1/20/2024	20	1	2024
20240121	1/21/2024	21	1	2024
20240122	1/22/2024	22	1	2024
20240123	1/23/2024	23	1	2024
20240124	1/24/2024	24	1	2024
20240125	1/25/2024	25	1	2024
20240126	1/26/2024	26	1	2024
20240127	1/27/2024	27	1	2024
20240128	1/28/2024	28	1	2024
20240129	1/29/2024	29	1	2024
20240130	1/30/2024	30	1	2024
20240131	1/31/2024	31	1	2024
20240201	2/1/2024	1	2	2024
20240202	2/2/2024	2	2	2024
20240203	2/3/2024	3	2	2024
20240204	2/4/2024	4	2	2024
20240205	2/5/2024	5	2	2024
20240206	2/6/2024	6	2	2024
20240207	2/7/2024	7	2	2024
20240208	2/8/2024	8	2	2024
20240209	2/9/2024	9	2	2024
20240210	2/10/2024	10	2	2024
20240211	2/11/2024	11	2	2024
20240212	2/12/2024	12	2	2024
20240213	2/13/2024	13	2	2024
20240214	2/14/2024	14	2	2024
20240215	2/15/2024	15	2	2024
20240216	2/16/2024	16	2	2024
20240217	2/17/2024	17	2	2024
20240218	2/18/2024	18	2	2024
20240219	2/19/2024	19	2	2024
20240220	2/20/2024	20	2	2024
20240221	2/21/2024	21	2	2024
20240222	2/22/2024	22	2	2024
20240223	2/23/2024	23	2	2024
20240224	2/24/2024	24	2	2024
20240225	2/25/2024	25	2	2024
20240226	2/26/2024	26	2	2024
20240227	2/27/2024	27	2	2024
20240228	2/28/2024	28	2	2024
20240229	2/29/2024	29	2	2024
20240301	3/1/2024	1	3	2024
20240302	3/2/2024	2	3	2024
20240303	3/3/2024	3	3	2024
20240304	3/4/2024	4	3	2024
20240305	3/5/2024	5	3	2024
20240306	3/6/2024	6	3	2024
20240307	3/7/2024	7	3	2024
20240308	3/8/2024	8	3	2024
20240309	3/9/2024	9	3	2024
20240310	3/10/2024	10	3	2024
20240311	3/11/2024	11	3	2024
20240312	3/12/2024	12	3	2024
20240313	3/13/2024	13	3	2024
20240314	3/14/2024	14	3	2024
20240315	3/15/2024	15	3	2024
20240316	3/16/2024	16	3	2024
20240317	3/17/2024	17	3	2024
20240318	3/18/2024	18	3	2024
20240319	3/19/2024	19	3	2024
20240320	3/20/2024	20	3	2024
20240321	3/21/2024	21	3	2024
20240322	3/22/2024	22	3	2024
20240323	3/23/2024	23	3	2024
20240324	3/24/2024	24	3	2024
20240325	3/25/2024	25	3	2024
20240326	3/26/2024	26	3	2024
20240327	3/27/2024	27	3	2024
20240328	3/28/2024	28	3	2024
20240329	3/29/2024	29	3	2024
20240330	3/30/2024	30	3	2024
20240331	3/31/2024	31	3	2024
20240401	4/1/2024	1	4	2024
20240402	4/2/2024	2	4	2024
20240403	4/3/2024	3	4	2024
20240404	4/4/2024	4	4	2024
20240405	4/5/2024	5	4	2024
20240406	4/6/2024	6	4	2024
20240407	4/7/2024	7	4	2024
20240408	4/8/2024	8	4	2024
20240409	4/9/2024	9	4	2024
20240410	4/10/2024	10	4	2024
20240411	4/11/2024	11	4	2024
20240412	4/12/2024	12	4	2024
20240413	4/13/2024	13	4	2024
20240414	4/14/2024	14	4	2024
20240415	4/15/2024	15	4	2024
20240416	4/16/2024	16	4	2024
20240417	4/17/2024	17	4	2024
20240418	4/18/2024	18	4	2024
20240419	4/19/2024	19	4	2024
20240420	4/20/2024	20	4	2024
20240421	4/21/2024	21	4	2024
20240422	4/22/2024	22	4	2024
20240423	4/23/2024	23	4	2024
20240424	4/24/2024	24	4	2024
20240425	4/25/2024	25	4	2024
20240426	4/26/2024	26	4	2024
20240427	4/27/2024	27	4	2024
20240428	4/28/2024	28	4	2024
20240429	4/29/2024	29	4	2024
20240430	4/30/2024	30	4	2024
20240501	5/1/2024	1	5	2024
20240502	5/2/2024	2	5	2024
20240503	5/3/2024	3	5	2024
20240504	5/4/2024	4	5	2024
20240505	5/5/2024	5	5	2024
20240506	5/6/2024	6	5	2024
20240507	5/7/2024	7	5	2024
20240508	5/8/2024	8	5	2024
20240509	5/9/2024	9	5	2024
20240510	5/10/2024	10	5	2024
20240511	5/11/2024	11	5	2024
20240512	5/12/2024	12	5	2024
20240513	5/13/2024	13	5	2024
20240514	5/14/2024	14	5	2024
20240515	5/15/2024	15	5	2024
20240516	5/16/2024	16	5	2024
20240517	5/17/2024	17	5	2024
20240518	5/18/2024	18	5	2024
20240519	5/19/2024	19	5	2024
20240520	5/20/2024	20	5	2024
20240521	5/21/2024	21	5	2024
20240522	5/22/2024	22	5	2024
20240523	5/23/2024	23	5	2024
20240524	5/24/2024	24	5	2024
20240525	5/25/2024	25	5	2024
20240526	5/26/2024	26	5	2024
20240527	5/27/2024	27	5	2024
20240528	5/28/2024	28	5	2024
20240529	5/29/2024	29	5	2024
20240530	5/30/2024	30	5	2024
20240531	5/31/2024	31	5	2024
20240601	6/1/2024	1	6	2024
20240602	6/2/2024	2	6	2024
20240603	6/3/2024	3	6	2024
20240604	6/4/2024	4	6	2024
20240605	6/5/2024	5	6	2024
20240606	6/6/2024	6	6	2024
20240607	6/7/2024	7	6	2024
20240608	6/8/2024	8	6	2024
20240609	6/9/2024	9	6	2024
20240610	6/10/2024	10	6	2024
20240611	6/11/2024	11	6	2024
20240612	6/12/2024	12	6	2024
20240613	6/13/2024	13	6	2024
20240614	6/14/2024	14	6	2024
20240615	6/15/2024	15	6	2024
20240616	6/16/2024	16	6	2024
20240617	6/17/2024	17	6	2024
20240618	6/18/2024	18	6	2024
20240619	6/19/2024	19	6	2024
20240620	6/20/2024	20	6	2024
20240621	6/21/2024	21	6	2024
20240622	6/22/2024	22	6	2024
20240623	6/23/2024	23	6	2024
20240624	6/24/2024	24	6	2024
20240625	6/25/2024	25	6	2024
20240626	6/26/2024	26	6	2024
20240627	6/27/2024	27	6	2024
20240628	6/28/2024	28	6	2024
20240629	6/29/2024	29	6	2024
20240630	6/30/2024	30	6	2024
20240701	7/1/2024	1	7	2024
20240702	7/2/2024	2	7	2024
20240703	7/3/2024	3	7	2024
20240704	7/4/2024	4	7	2024
20240705	7/5/2024	5	7	2024
20240706	7/6/2024	6	7	2024
20240707	7/7/2024	7	7	2024
20240708	7/8/2024	8	7	2024
20240709	7/9/2024	9	7	2024
20240710	7/10/2024	10	7	2024
20240711	7/11/2024	11	7	2024
20240712	7/12/2024	12	7	2024
20240713	7/13/2024	13	7	2024
20240714	7/14/2024	14	7	2024
20240715	7/15/2024	15	7	2024
20240716	7/16/2024	16	7	2024
20240717	7/17/2024	17	7	2024
20240718	7/18/2024	18	7	2024
20240719	7/19/2024	19	7	2024
20240720	7/20/2024	20	7	2024
20240721	7/21/2024	21	7	2024
20240722	7/22/2024	22	7	2024
20240723	7/23/2024	23	7	2024
20240724	7/24/2024	24	7	2024
20240725	7/25/2024	25	7	2024
20240726	7/26/2024	26	7	2024
20240727	7/27/2024	27	7	2024
20240728	7/28/2024	28	7	2024
20240729	7/29/2024	29	7	2024
20240730	7/30/2024	30	7	2024
20240731	7/31/2024	31	7	2024
20240801	8/1/2024	1	8	2024
20240802	8/2/2024	2	8	2024
20240803	8/3/2024	3	8	2024
20240804	8/4/2024	4	8	2024
20240805	8/5/2024	5	8	2024
20240806	8/6/2024	6	8	2024
20240807	8/7/2024	7	8	2024
20240808	8/8/2024	8	8	2024
20240809	8/9/2024	9	8	2024
20240810	8/10/2024	10	8	2024
20240811	8/11/2024	11	8	2024
20240812	8/12/2024	12	8	2024
20240813	8/13/2024	13	8	2024
20240814	8/14/2024	14	8	2024
20240815	8/15/2024	15	8	2024
20240816	8/16/2024	16	8	2024
20240817	8/17/2024	17	8	2024
20240818	8/18/2024	18	8	2024
20240819	8/19/2024	19	8	2024
20240820	8/20/2024	20	8	2024
20240821	8/21/2024	21	8	2024
20240822	8/22/2024	22	8	2024
20240823	8/23/2024	23	8	2024
20240824	8/24/2024	24	8	2024
20240825	8/25/2024	25	8	2024
20240826	8/26/2024	26	8	2024
20240827	8/27/2024	27	8	2024
20240828	8/28/2024	28	8	2024
20240829	8/29/2024	29	8	2024
20240830	8/30/2024	30	8	2024
20240831	8/31/2024	31	8	2024
20240901	9/1/2024	1	9	2024
20240902	9/2/2024	2	9	2024
20240903	9/3/2024	3	9	2024
20240904	9/4/2024	4	9	2024
20240905	9/5/2024	5	9	2024
20240906	9/6/2024	6	9	2024
20240907	9/7/2024	7	9	2024
20240908	9/8/2024	8	9	2024
20240909	9/9/2024	9	9	2024
20240910	9/10/2024	10	9	2024
20240911	9/11/2024	11	9	2024
20240912	9/12/2024	12	9	2024
20240913	9/13/2024	13	9	2024
20240914	9/14/2024	14	9	2024
20240915	9/15/2024	15	9	2024
20240916	9/16/2024	16	9	2024
20240917	9/17/2024	17	9	2024
20240918	9/18/2024	18	9	2024
20240919	9/19/2024	19	9	2024
20240920	9/20/2024	20	9	2024
20240921	9/21/2024	21	9	2024
20240922	9/22/2024	22	9	2024
20240923	9/23/2024	23	9	2024
20240924	9/24/2024	24	9	2024
20240925	9/25/2024	25	9	2024
20240926	9/26/2024	26	9	2024
20240927	9/27/2024	27	9	2024
20240928	9/28/2024	28	9	2024
20240929	9/29/2024	29	9	2024
20240930	9/30/2024	30	9	2024
20241001	10/1/2024	1	10	2024
20241002	10/2/2024	2	10	2024
20241003	10/3/2024	3	10	2024
20241004	10/4/2024	4	10	2024
20241005	10/5/2024	5	10	2024
20241006	10/6/2024	6	10	2024
20241007	10/7/2024	7	10	2024
20241008	10/8/2024	8	10	2024
20241009	10/9/2024	9	10	2024
20241010	10/10/2024	10	10	2024
20241011	10/11/2024	11	10	2024
20241012	10/12/2024	12	10	2024
20241013	10/13/2024	13	10	2024
20241014	10/14/2024	14	10	2024
20241015	10/15/2024	15	10	2024
20241016	10/16/2024	16	10	2024
20241017	10/17/2024	17	10	2024
20241018	10/18/2024	18	10	2024
20241019	10/19/2024	19	10	2024
20241020	10/20/2024	20	10	2024
20241021	10/21/2024	21	10	2024
20241022	10/22/2024	22	10	2024
20241023	10/23/2024	23	10	2024
20241024	10/24/2024	24	10	2024
20241025	10/25/2024	25	10	2024
20241026	10/26/2024	26	10	2024
20241027	10/27/2024	27	10	2024
20241028	10/28/2024	28	10	2024
20241029	10/29/2024	29	10	2024
20241030	10/30/2024	30	10	2024
20241031	10/31/2024	31	10	2024
20241101	11/1/2024	1	11	2024
20241102	11/2/2024	2	11	2024
20241103	11/3/2024	3	11	2024
20241104	11/4/2024	4	11	2024
20241105	11/5/2024	5	11	2024
20241106	11/6/2024	6	11	2024
20241107	11/7/2024	7	11	2024
20241108	11/8/2024	8	11	2024
20241109	11/9/2024	9	11	2024
20241110	11/10/2024	10	11	2024
20241111	11/11/2024	11	11	2024
20241112	11/12/2024	12	11	2024
20241113	11/13/2024	13	11	2024
20241114	11/14/2024	14	11	2024
20241115	11/15/2024	15	11	2024
20241116	11/16/2024	16	11	2024
20241117	11/17/2024	17	11	2024
20241118	11/18/2024	18	11	2024
20241119	11/19/2024	19	11	2024
20241120	11/20/2024	20	11	2024
20241121	11/21/2024	21	11	2024
20241122	11/22/2024	22	11	2024
20241123	11/23/2024	23	11	2024
20241124	11/24/2024	24	11	2024
20241125	11/25/2024	25	11	2024
20241126	11/26/2024	26	11	2024
20241127	11/27/2024	27	11	2024
20241128	11/28/2024	28	11	2024
20241129	11/29/2024	29	11	2024
20241130	11/30/2024	30	11	2024
20241201	12/1/2024	1	12	2024
20241202	12/2/2024	2	12	2024
20241203	12/3/2024	3	12	2024
20241204	12/4/2024	4	12	2024
20241205	12/5/2024	5	12	2024
20241206	12/6/2024	6	12	2024
20241207	12/7/2024	7	12	2024
20241208	12/8/2024	8	12	2024
20241209	12/9/2024	9	12	2024
20241210	12/10/2024	10	12	2024
20241211	12/11/2024	11	12	2024
20241212	12/12/2024	12	12	2024
20241213	12/13/2024	13	12	2024
20241214	12/14/2024	14	12	2024
20241215	12/15/2024	15	12	2024
20241216	12/16/2024	16	12	2024
20241217	12/17/2024	17	12	2024
20241218	12/18/2024	18	12	2024
20241219	12/19/2024	19	12	2024
20241220	12/20/2024	20	12	2024
20241221	12/21/2024	21	12	2024
20241222	12/22/2024	22	12	2024
20241223	12/23/2024	23	12	2024
20241224	12/24/2024	24	12	2024
20241225	12/25/2024	25	12	2024
20241226	12/26/2024	26	12	2024
20241227	12/27/2024	27	12	2024
20241228	12/28/2024	28	12	2024
20241229	12/29/2024	29	12	2024
20241230	12/30/2024	30	12	2024
20241231	12/31/2024	31	12	2024
20250101	1/1/2025	1	1	2025
20250102	1/2/2025	2	1	2025
20250103	1/3/2025	3	1	2025
20250104	1/4/2025	4	1	2025
20250105	1/5/2025	5	1	2025
20250106	1/6/2025	6	1	2025
20250107	1/7/2025	7	1	2025
20250108	1/8/2025	8	1	2025
20250109	1/9/2025	9	1	2025
20250110	1/10/2025	10	1	2025
20250111	1/11/2025	11	1	2025
20250112	1/12/2025	12	1	2025
20250113	1/13/2025	13	1	2025
20250114	1/14/2025	14	1	2025
20250115	1/15/2025	15	1	2025
20250116	1/16/2025	16	1	2025
20250117	1/17/2025	17	1	2025
20250118	1/18/2025	18	1	2025
20250119	1/19/2025	19	1	2025
20250120	1/20/2025	20	1	2025
20250121	1/21/2025	21	1	2025
20250122	1/22/2025	22	1	2025
20250123	1/23/2025	23	1	2025
20250124	1/24/2025	24	1	2025
20250125	1/25/2025	25	1	2025
20250126	1/26/2025	26	1	2025
20250127	1/27/2025	27	1	2025
20250128	1/28/2025	28	1	2025
20250129	1/29/2025	29	1	2025
20250130	1/30/2025	30	1	2025
20250131	1/31/2025	31	1	2025
20250201	2/1/2025	1	2	2025
20250202	2/2/2025	2	2	2025
20250203	2/3/2025	3	2	2025
20250204	2/4/2025	4	2	2025
20250205	2/5/2025	5	2	2025
20250206	2/6/2025	6	2	2025
20250207	2/7/2025	7	2	2025
20250208	2/8/2025	8	2	2025
20250209	2/9/2025	9	2	2025
20250210	2/10/2025	10	2	2025
20250211	2/11/2025	11	2	2025
20250212	2/12/2025	12	2	2025
20250213	2/13/2025	13	2	2025
20250214	2/14/2025	14	2	2025
20250215	2/15/2025	15	2	2025
20250216	2/16/2025	16	2	2025
20250217	2/17/2025	17	2	2025
20250218	2/18/2025	18	2	2025
20250219	2/19/2025	19	2	2025
20250220	2/20/2025	20	2	2025
20250221	2/21/2025	21	2	2025
20250222	2/22/2025	22	2	2025
20250223	2/23/2025	23	2	2025
20250224	2/24/2025	24	2	2025
20250225	2/25/2025	25	2	2025
20250226	2/26/2025	26	2	2025
20250227	2/27/2025	27	2	2025
20250228	2/28/2025	28	2	2025
20250301	3/1/2025	1	3	2025
20250302	3/2/2025	2	3	2025
20250303	3/3/2025	3	3	2025
20250304	3/4/2025	4	3	2025
20250305	3/5/2025	5	3	2025
20250306	3/6/2025	6	3	2025
20250307	3/7/2025	7	3	2025
20250308	3/8/2025	8	3	2025
20250309	3/9/2025	9	3	2025
20250310	3/10/2025	10	3	2025
20250311	3/11/2025	11	3	2025
20250312	3/12/2025	12	3	2025
20250313	3/13/2025	13	3	2025
20250314	3/14/2025	14	3	2025
20250315	3/15/2025	15	3	2025
20250316	3/16/2025	16	3	2025
20250317	3/17/2025	17	3	2025
20250318	3/18/2025	18	3	2025
20250319	3/19/2025	19	3	2025
20250320	3/20/2025	20	3	2025
20250321	3/21/2025	21	3	2025
20250322	3/22/2025	22	3	2025
20250323	3/23/2025	23	3	2025
20250324	3/24/2025	24	3	2025
20250325	3/25/2025	25	3	2025
20250326	3/26/2025	26	3	2025
20250327	3/27/2025	27	3	2025
20250328	3/28/2025	28	3	2025
20250329	3/29/2025	29	3	2025
20250330	3/30/2025	30	3	2025
20250331	3/31/2025	31	3	2025
20250401	4/1/2025	1	4	2025
20250402	4/2/2025	2	4	2025
20250403	4/3/2025	3	4	2025
20250404	4/4/2025	4	4	2025
20250405	4/5/2025	5	4	2025
20250406	4/6/2025	6	4	2025
20250407	4/7/2025	7	4	2025
20250408	4/8/2025	8	4	2025
20250409	4/9/2025	9	4	2025
20250410	4/10/2025	10	4	2025
20250411	4/11/2025	11	4	2025
20250412	4/12/2025	12	4	2025
20250413	4/13/2025	13	4	2025
20250414	4/14/2025	14	4	2025
20250415	4/15/2025	15	4	2025
20250416	4/16/2025	16	4	2025
20250417	4/17/2025	17	4	2025
20250418	4/18/2025	18	4	2025
20250419	4/19/2025	19	4	2025
20250420	4/20/2025	20	4	2025
20250421	4/21/2025	21	4	2025
20250422	4/22/2025	22	4	2025
20250423	4/23/2025	23	4	2025
20250424	4/24/2025	24	4	2025
20250425	4/25/2025	25	4	2025
20250426	4/26/2025	26	4	2025
20250427	4/27/2025	27	4	2025
20250428	4/28/2025	28	4	2025
20250429	4/29/2025	29	4	2025
20250430	4/30/2025	30	4	2025
20250501	5/1/2025	1	5	2025
20250502	5/2/2025	2	5	2025
20250503	5/3/2025	3	5	2025
20250504	5/4/2025	4	5	2025
20250505	5/5/2025	5	5	2025
20250506	5/6/2025	6	5	2025
20250507	5/7/2025	7	5	2025
20250508	5/8/2025	8	5	2025
20250509	5/9/2025	9	5	2025
20250510	5/10/2025	10	5	2025
20250511	5/11/2025	11	5	2025
20250512	5/12/2025	12	5	2025
20250513	5/13/2025	13	5	2025
20250514	5/14/2025	14	5	2025
20250515	5/15/2025	15	5	2025
20250516	5/16/2025	16	5	2025
20250517	5/17/2025	17	5	2025
20250518	5/18/2025	18	5	2025
20250519	5/19/2025	19	5	2025
20250520	5/20/2025	20	5	2025
20250521	5/21/2025	21	5	2025
20250522	5/22/2025	22	5	2025
20250523	5/23/2025	23	5	2025
20250524	5/24/2025	24	5	2025
20250525	5/25/2025	25	5	2025
20250526	5/26/2025	26	5	2025
20250527	5/27/2025	27	5	2025
20250528	5/28/2025	28	5	2025
20250529	5/29/2025	29	5	2025
20250530	5/30/2025	30	5	2025
20250531	5/31/2025	31	5	2025
20250601	6/1/2025	1	6	2025
20250602	6/2/2025	2	6	2025
20250603	6/3/2025	3	6	2025
20250604	6/4/2025	4	6	2025
20250605	6/5/2025	5	6	2025
20250606	6/6/2025	6	6	2025
20250607	6/7/2025	7	6	2025
20250608	6/8/2025	8	6	2025
20250609	6/9/2025	9	6	2025
20250610	6/10/2025	10	6	2025
20250611	6/11/2025	11	6	2025
20250612	6/12/2025	12	6	2025
20250613	6/13/2025	13	6	2025
20250614	6/14/2025	14	6	2025
20250615	6/15/2025	15	6	2025
20250616	6/16/2025	16	6	2025
20250617	6/17/2025	17	6	2025
20250618	6/18/2025	18	6	2025
20250619	6/19/2025	19	6	2025
20250620	6/20/2025	20	6	2025
20250621	6/21/2025	21	6	2025
20250622	6/22/2025	22	6	2025
20250623	6/23/2025	23	6	2025
20250624	6/24/2025	24	6	2025
20250625	6/25/2025	25	6	2025
20250626	6/26/2025	26	6	2025
20250627	6/27/2025	27	6	2025
20250628	6/28/2025	28	6	2025
20250629	6/29/2025	29	6	2025
20250630	6/30/2025	30	6	2025
20250701	7/1/2025	1	7	2025
20250702	7/2/2025	2	7	2025
20250703	7/3/2025	3	7	2025
20250704	7/4/2025	4	7	2025
20250705	7/5/2025	5	7	2025
20250706	7/6/2025	6	7	2025
20250707	7/7/2025	7	7	2025
20250708	7/8/2025	8	7	2025
20250709	7/9/2025	9	7	2025
20250710	7/10/2025	10	7	2025
20250711	7/11/2025	11	7	2025
20250712	7/12/2025	12	7	2025
20250713	7/13/2025	13	7	2025
20250714	7/14/2025	14	7	2025
20250715	7/15/2025	15	7	2025
20250716	7/16/2025	16	7	2025
20250717	7/17/2025	17	7	2025
20250718	7/18/2025	18	7	2025
20250719	7/19/2025	19	7	2025
20250720	7/20/2025	20	7	2025
20250721	7/21/2025	21	7	2025
20250722	7/22/2025	22	7	2025
20250723	7/23/2025	23	7	2025
20250724	7/24/2025	24	7	2025
20250725	7/25/2025	25	7	2025
20250726	7/26/2025	26	7	2025
20250727	7/27/2025	27	7	2025
20250728	7/28/2025	28	7	2025
20250729	7/29/2025	29	7	2025
20250730	7/30/2025	30	7	2025
20250731	7/31/2025	31	7	2025
20250801	8/1/2025	1	8	2025
20250802	8/2/2025	2	8	2025
20250803	8/3/2025	3	8	2025
20250804	8/4/2025	4	8	2025
20250805	8/5/2025	5	8	2025
20250806	8/6/2025	6	8	2025
20250807	8/7/2025	7	8	2025
20250808	8/8/2025	8	8	2025
20250809	8/9/2025	9	8	2025
20250810	8/10/2025	10	8	2025
20250811	8/11/2025	11	8	2025
20250812	8/12/2025	12	8	2025
20250813	8/13/2025	13	8	2025
20250814	8/14/2025	14	8	2025
20250815	8/15/2025	15	8	2025
20250816	8/16/2025	16	8	2025
20250817	8/17/2025	17	8	2025
20250818	8/18/2025	18	8	2025
20250819	8/19/2025	19	8	2025
20250820	8/20/2025	20	8	2025
20250821	8/21/2025	21	8	2025
20250822	8/22/2025	22	8	2025
20250823	8/23/2025	23	8	2025
20250824	8/24/2025	24	8	2025
20250825	8/25/2025	25	8	2025
20250826	8/26/2025	26	8	2025
20250827	8/27/2025	27	8	2025
20250828	8/28/2025	28	8	2025
20250829	8/29/2025	29	8	2025
20250830	8/30/2025	30	8	2025
20250831	8/31/2025	31	8	2025
20250901	9/1/2025	1	9	2025
20250902	9/2/2025	2	9	2025
20250903	9/3/2025	3	9	2025
20250904	9/4/2025	4	9	2025
20250905	9/5/2025	5	9	2025
20250906	9/6/2025	6	9	2025
20250907	9/7/2025	7	9	2025
20250908	9/8/2025	8	9	2025
20250909	9/9/2025	9	9	2025
20250910	9/10/2025	10	9	2025
20250911	9/11/2025	11	9	2025
20250912	9/12/2025	12	9	2025
20250913	9/13/2025	13	9	2025
20250914	9/14/2025	14	9	2025
20250915	9/15/2025	15	9	2025
20250916	9/16/2025	16	9	2025
20250917	9/17/2025	17	9	2025
20250918	9/18/2025	18	9	2025
20250919	9/19/2025	19	9	2025
20250920	9/20/2025	20	9	2025
20250921	9/21/2025	21	9	2025
20250922	9/22/2025	22	9	2025
20250923	9/23/2025	23	9	2025
20250924	9/24/2025	24	9	2025
20250925	9/25/2025	25	9	2025
20250926	9/26/2025	26	9	2025
20250927	9/27/2025	27	9	2025
20250928	9/28/2025	28	9	2025
20250929	9/29/2025	29	9	2025
20250930	9/30/2025	30	9	2025
20251001	10/1/2025	1	10	2025
20251002	10/2/2025	2	10	2025
20251003	10/3/2025	3	10	2025
20251004	10/4/2025	4	10	2025
20251005	10/5/2025	5	10	2025
20251006	10/6/2025	6	10	2025
20251007	10/7/2025	7	10	2025
20251008	10/8/2025	8	10	2025
20251009	10/9/2025	9	10	2025
20251010	10/10/2025	10	10	2025
20251011	10/11/2025	11	10	2025
20251012	10/12/2025	12	10	2025
20251013	10/13/2025	13	10	2025
20251014	10/14/2025	14	10	2025
20251015	10/15/2025	15	10	2025
20251016	10/16/2025	16	10	2025
20251017	10/17/2025	17	10	2025
20251018	10/18/2025	18	10	2025
20251019	10/19/2025	19	10	2025
20251020	10/20/2025	20	10	2025
20251021	10/21/2025	21	10	2025
20251022	10/22/2025	22	10	2025
20251023	10/23/2025	23	10	2025
20251024	10/24/2025	24	10	2025
20251025	10/25/2025	25	10	2025
20251026	10/26/2025	26	10	2025
20251027	10/27/2025	27	10	2025
20251028	10/28/2025	28	10	2025
20251029	10/29/2025	29	10	2025
20251030	10/30/2025	30	10	2025
20251031	10/31/2025	31	10	2025
20251101	11/1/2025	1	11	2025
20251102	11/2/2025	2	11	2025
20251103	11/3/2025	3	11	2025
20251104	11/4/2025	4	11	2025
20251105	11/5/2025	5	11	2025
20251106	11/6/2025	6	11	2025
20251107	11/7/2025	7	11	2025
20251108	11/8/2025	8	11	2025
20251109	11/9/2025	9	11	2025
20251110	11/10/2025	10	11	2025
20251111	11/11/2025	11	11	2025
20251112	11/12/2025	12	11	2025
20251113	11/13/2025	13	11	2025
20251114	11/14/2025	14	11	2025
20251115	11/15/2025	15	11	2025
20251116	11/16/2025	16	11	2025
20251117	11/17/2025	17	11	2025
20251118	11/18/2025	18	11	2025
20251119	11/19/2025	19	11	2025
20251120	11/20/2025	20	11	2025
20251121	11/21/2025	21	11	2025
20251122	11/22/2025	22	11	2025
20251123	11/23/2025	23	11	2025
20251124	11/24/2025	24	11	2025
20251125	11/25/2025	25	11	2025
20251126	11/26/2025	26	11	2025
20251127	11/27/2025	27	11	2025
20251128	11/28/2025	28	11	2025
20251129	11/29/2025	29	11	2025
20251130	11/30/2025	30	11	2025
20251201	12/1/2025	1	12	2025
20251202	12/2/2025	2	12	2025
20251203	12/3/2025	3	12	2025
20251204	12/4/2025	4	12	2025
20251205	12/5/2025	5	12	2025
20251206	12/6/2025	6	12	2025
20251207	12/7/2025	7	12	2025
20251208	12/8/2025	8	12	2025
20251209	12/9/2025	9	12	2025
20251210	12/10/2025	10	12	2025
20251211	12/11/2025	11	12	2025
20251212	12/12/2025	12	12	2025
20251213	12/13/2025	13	12	2025
20251214	12/14/2025	14	12	2025
20251215	12/15/2025	15	12	2025
20251216	12/16/2025	16	12	2025
20251217	12/17/2025	17	12	2025
20251218	12/18/2025	18	12	2025
20251219	12/19/2025	19	12	2025
20251220	12/20/2025	20	12	2025
20251221	12/21/2025	21	12	2025
20251222	12/22/2025	22	12	2025
20251223	12/23/2025	23	12	2025
20251224	12/24/2025	24	12	2025
20251225	12/25/2025	25	12	2025
20251226	12/26/2025	26	12	2025
20251227	12/27/2025	27	12	2025
20251228	12/28/2025	28	12	2025
20251229	12/29/2025	29	12	2025
20251230	12/30/2025	30	12	2025
20251231	12/31/2025	31	12	2025
