Inventory_Fact_ID,Date_Key,Store_Key,Product_Key,Stock_Level
1,20250404,48,140,107
2,20250505,21,140,191
3,20250814,24,140,74
4,20250219,63,140,55
5,20251221,20,140,46
6,20250710,16,140,265
7,20251011,17,475,312
8,20250424,15,475,305
9,20250505,28,475,39
10,20250730,16,475,295
11,20251207,54,475,256
12,20251204,64,475,26
13,20250105,14,383,272
14,20250317,26,383,79
15,20250516,2,383,214
16,20251112,29,383,177
17,20250310,56,383,339
18,20250619,59,383,171
19,20251008,37,233,247
20,20250314,57,233,312
21,20251004,18,233,311
22,20250606,60,233,228
23,20250531,53,233,2
24,20250510,44,340,280
25,20250211,56,340,92
26,20250210,42,340,220
27,20250913,7,340,93
28,20250125,43,340,274
29,20250315,31,340,176
30,20250915,40,1,317
31,20251113,16,1,332
32,20251005,41,1,301
33,20250829,60,1,236
34,20250523,58,1,150
35,20250513,63,1,262
36,20251109,22,535,59
37,20251221,62,535,297
38,20250102,5,535,212
39,20250811,12,535,308
40,20250620,2,535,232
41,20250417,45,535,297
42,20250320,33,280,56
43,20250527,54,280,270
44,20251106,12,280,245
45,20251209,18,280,216
46,20250302,23,280,208
47,20250729,46,280,184
48,20250201,36,476,122
49,20251203,49,476,14
50,20251111,30,476,171
51,20250116,63,476,265
52,20250222,29,476,118
53,20250309,55,476,17
54,20250420,54,234,27
55,20250401,25,234,345
56,20250204,56,234,251
57,20251122,4,234,211
58,20250526,12,234,82
59,20250630,62,234,233
60,20251117,13,235,66
61,20251006,60,235,107
62,20251006,5,235,251
63,20250722,61,235,24
64,20250613,7,235,39
65,20250712,29,341,205
66,20250810,24,341,181
67,20250210,60,341,151
68,20250326,17,341,14
69,20251215,38,341,282
70,20250623,61,341,90
71,20250715,50,477,276
72,20250122,61,477,299
73,20251107,55,477,301
74,20250331,27,477,158
75,20250322,18,477,256
76,20250505,21,536,22
77,20250423,41,536,342
78,20251004,53,536,315
79,20250323,38,536,107
80,20250810,50,536,106
81,20251007,60,236,246
82,20250807,63,236,69
83,20250623,3,236,339
84,20250315,49,236,241
85,20250713,35,236,236
86,20250318,41,236,124
87,20250210,62,141,224
88,20250404,41,141,208
89,20250424,20,141,116
90,20251121,11,141,326
91,20251227,58,141,325
92,20250505,2,141,245
93,20250913,59,47,231
94,20250129,52,47,18
95,20250420,9,47,169
96,20250702,26,47,271
97,20250422,49,47,240
98,20250825,64,47,64
99,20250112,1,2,229
100,20250511,51,2,83
101,20250619,20,2,78
102,20250529,39,2,172
103,20251106,57,2,266
104,20251003,5,427,285
105,20251026,3,427,184
106,20250527,7,427,326
107,20250824,62,427,330
108,20250720,15,427,270
109,20251108,43,427,194
110,20251210,23,342,135
111,20250427,62,342,255
112,20251231,63,342,95
113,20250206,2,342,319
114,20251006,17,342,145
115,20250630,27,342,169
116,20250805,56,187,337
117,20251213,55,187,122
118,20250610,29,187,134
119,20251213,41,187,303
120,20250804,46,187,81
121,20250907,45,187,16
122,20250213,48,93,30
123,20250426,25,93,24
124,20250919,20,93,294
125,20250504,23,93,60
126,20250216,37,93,255
127,20251006,10,93,73
128,20251008,44,188,164
129,20251004,39,188,19
130,20250707,16,188,59
131,20250823,20,188,105
132,20250616,24,188,101
133,20250111,48,188,234
134,20250613,54,428,36
135,20251108,44,428,187
136,20251114,51,428,337
137,20251223,17,428,236
138,20250601,34,428,341
139,20250624,42,428,253
140,20250615,28,3,175
141,20251219,24,3,122
142,20250310,21,3,198
143,20250212,40,3,323
144,20250603,61,3,58
145,20250527,46,3,186
146,20250309,41,189,160
147,20250201,24,189,73
148,20250929,39,189,342
149,20250325,61,189,256
150,20251129,51,189,201
151,20250204,29,189,49
152,20250601,40,281,251
153,20250318,6,281,163
154,20250121,4,281,104
155,20251119,58,281,242
156,20250515,55,281,318
157,20250114,64,281,103
158,20251216,3,282,185
159,20250216,4,282,88
160,20250527,61,282,145
161,20251026,48,282,88
162,20250430,9,282,223
163,20250112,57,282,329
164,20250120,17,478,282
165,20250326,6,478,337
166,20251020,52,478,244
167,20251018,36,478,298
168,20250525,30,478,13
169,20250510,63,478,311
170,20250616,2,48,78
171,20250105,36,48,208
172,20251101,55,48,283
173,20250415,26,48,58
174,20250515,12,48,119
175,20250831,54,48,187
176,20251221,14,283,221
177,20250807,10,283,236
178,20250214,23,283,212
179,20250503,34,283,252
180,20250301,28,283,65
181,20250425,52,429,42
182,20250529,53,429,47
183,20251014,29,429,156
184,20251113,30,429,83
185,20251127,17,429,279
186,20250322,49,190,184
187,20251021,22,190,59
188,20251022,13,190,346
189,20250920,28,190,18
190,20251210,15,190,35
191,20250614,4,190,98
192,20251117,15,237,220
193,20250128,7,237,250
194,20250905,41,237,35
195,20251202,50,237,5
196,20251016,11,237,280
197,20250228,33,237,316
198,20250227,62,49,15
199,20250323,3,49,105
200,20250520,47,49,127
201,20250708,37,49,303
202,20250910,57,49,14
203,20250923,60,49,131
204,20250627,35,142,232
205,20251229,39,142,183
206,20250319,48,142,235
207,20250713,57,142,38
208,20250721,30,142,60
209,20251206,44,142,100
210,20250611,50,430,28
211,20250407,6,430,15
212,20250714,26,430,313
213,20250806,59,430,30
214,20250112,27,430,236
215,20251101,32,430,176
216,20250723,20,431,203
217,20250312,14,431,125
218,20251220,55,431,111
219,20250115,23,431,30
220,20251215,60,431,55
221,20250105,58,431,267
222,20251014,64,94,24
223,20250508,60,94,101
224,20250602,55,94,110
225,20250727,5,94,15
226,20250909,2,94,273
227,20251223,26,94,146
228,20251023,24,50,2
229,20250314,53,50,95
230,20251005,26,50,166
231,20251009,51,50,191
232,20250702,12,50,140
233,20250804,11,284,294
234,20250609,10,284,109
235,20250501,24,284,84
236,20251005,34,284,253
237,20251008,8,284,105
238,20250722,54,284,100
239,20250513,13,285,16
240,20250511,50,285,210
241,20250923,61,285,186
242,20250804,12,285,211
243,20250809,19,285,264
244,20250220,46,285,136
245,20250427,42,537,204
246,20250620,44,537,234
247,20251022,34,537,86
248,20250724,6,537,246
249,20250514,49,537,62
250,20250604,47,537,262
251,20250709,10,286,40
252,20251006,8,286,91
253,20251231,32,286,159
254,20250205,34,286,194
255,20251003,2,286,212
256,20250222,1,286,60
257,20250208,34,343,192
258,20251108,55,343,264
259,20250112,46,343,204
260,20250623,60,343,174
261,20250714,9,343,138
262,20250331,53,343,132
263,20250913,44,384,118
264,20250517,13,384,45
265,20250529,17,384,101
266,20251218,33,384,323
267,20250623,1,384,143
268,20250217,59,143,44
269,20251126,46,143,211
270,20250912,45,143,77
271,20250925,11,143,112
272,20250830,62,143,300
273,20251220,64,143,64
274,20250429,53,479,271
275,20251203,32,479,188
276,20250616,60,479,297
277,20250111,36,479,230
278,20250513,10,479,99
279,20251021,13,479,309
280,20250228,57,538,278
281,20250730,28,538,96
282,20250504,55,538,9
283,20251118,62,538,270
284,20250520,40,538,287
285,20250826,47,538,242
286,20250619,46,480,292
287,20251230,29,480,171
288,20250403,15,480,156
289,20250511,52,480,181
290,20250718,36,480,313
291,20250618,44,480,294
292,20251223,2,95,243
293,20250308,58,95,222
294,20250328,6,95,175
295,20250107,32,95,3
296,20250204,33,95,212
297,20250415,29,95,228
298,20251027,24,287,163
299,20250610,42,287,119
300,20251231,22,287,209
301,20250427,27,287,282
302,20250523,35,287,216
303,20250907,3,287,310
304,20250222,6,539,284
305,20251231,48,539,349
306,20251122,64,539,145
307,20250818,41,539,172
308,20250503,45,539,38
309,20251017,42,539,138
310,20251117,21,540,88
311,20250610,6,540,125
312,20251005,29,540,76
313,20250420,55,540,327
314,20251212,59,540,86
315,20250703,3,540,241
316,20250312,63,51,24
317,20250713,21,51,166
318,20250822,20,51,326
319,20250212,8,51,49
320,20251014,27,51,265
321,20250926,10,51,33
322,20250207,5,385,142
323,20251023,28,385,249
324,20250802,53,385,59
325,20250603,18,385,38
326,20250211,23,385,332
327,20250330,43,4,155
328,20250419,48,4,250
329,20251130,33,4,279
330,20250504,21,4,94
331,20250905,42,4,342
332,20251212,40,4,286
333,20251120,55,144,61
334,20250505,45,144,174
335,20250218,48,144,171
336,20251129,43,144,44
337,20251009,20,144,15
338,20250727,56,144,84
339,20250317,8,52,9
340,20250704,24,52,220
341,20250421,15,52,281
342,20250704,27,52,331
343,20250729,14,52,32
344,20251209,62,52,206
345,20250407,2,344,7
346,20251031,63,344,4
347,20250124,7,344,228
348,20250924,34,344,249
349,20251120,30,344,270
350,20251227,45,344,213
351,20250520,51,238,120
352,20251101,47,238,138
353,20251222,44,238,344
354,20250605,36,238,251
355,20250729,58,238,225
356,20251211,57,5,146
357,20250722,39,5,174
358,20250310,48,5,226
359,20250722,59,5,241
360,20250522,43,5,346
361,20250919,36,5,306
362,20250629,10,239,295
363,20250410,41,239,20
364,20250309,22,239,170
365,20250406,2,239,31
366,20250723,44,239,91
367,20250130,43,239,115
368,20250815,59,6,190
369,20250106,32,6,123
370,20250825,13,6,16
371,20250715,27,6,20
372,20250214,54,6,171
373,20250903,28,191,204
374,20250306,50,191,62
375,20250413,26,191,285
376,20251022,63,191,324
377,20250201,2,191,12
378,20250724,42,191,107
379,20250513,15,288,111
380,20250930,9,288,76
381,20250323,49,288,204
382,20250827,44,288,118
383,20250912,16,288,112
384,20250622,11,288,95
385,20251224,15,145,241
386,20251006,7,145,3
387,20250314,47,145,159
388,20250509,11,145,106
389,20250817,36,145,104
390,20250412,61,145,136
391,20251117,42,96,323
392,20250418,53,96,263
393,20250707,33,96,143
394,20250212,9,96,324
395,20251127,28,96,184
396,20251117,8,96,280
397,20250710,42,240,320
398,20250804,11,240,244
399,20250717,41,240,337
400,20251201,7,240,8
401,20250601,22,240,197
402,20250219,30,345,73
403,20251207,4,345,250
404,20250826,63,345,113
405,20250322,31,345,342
406,20250116,58,345,148
407,20250316,29,345,105
408,20250705,54,192,271
409,20250515,9,192,104
410,20251012,26,192,269
411,20251020,23,192,325
412,20251105,16,192,113
413,20251107,18,192,314
414,20250502,16,481,11
415,20251101,28,481,48
416,20251025,10,481,191
417,20250705,6,481,176
418,20251217,29,481,348
419,20250619,40,481,65
420,20250926,35,432,332
421,20251210,16,432,326
422,20251127,63,432,206
423,20250602,53,432,114
424,20250830,55,432,213
425,20251018,32,432,152
426,20250215,59,541,315
427,20250928,12,541,118
428,20250608,50,541,94
429,20250715,20,541,240
430,20250222,22,541,78
431,20251017,39,541,180
432,20251213,43,346,293
433,20251102,55,346,116
434,20251111,28,346,131
435,20250528,41,346,305
436,20251012,3,346,102
437,20250614,10,346,178
438,20250412,58,347,188
439,20250130,40,347,240
440,20250422,16,347,251
441,20250318,34,347,27
442,20251206,27,347,8
443,20250415,26,347,239
444,20251227,11,97,104
445,20250415,28,97,87
446,20250820,32,97,258
447,20250420,51,97,288
448,20250807,39,97,33
449,20250106,45,53,308
450,20250112,7,53,202
451,20250320,22,53,106
452,20250605,8,53,158
453,20251020,47,53,285
454,20251119,14,7,185
455,20250905,27,7,46
456,20251112,43,7,29
457,20250412,17,7,306
458,20250801,39,7,49
459,20251205,24,7,336
460,20250520,10,482,126
461,20251022,45,482,222
462,20250910,3,482,130
463,20251004,39,482,119
464,20250914,44,482,66
465,20251011,48,433,44
466,20251005,27,433,226
467,20250815,38,433,230
468,20250928,13,433,303
469,20250502,16,433,257
470,20250506,39,433,140
471,20251113,30,483,163
472,20250121,47,483,257
473,20250615,23,483,80
474,20250503,57,483,76
475,20251020,14,483,261
476,20251211,17,483,302
477,20250424,20,98,135
478,20250727,36,98,270
479,20250401,23,98,168
480,20250222,25,98,95
481,20250117,51,98,199
482,20250619,54,289,107
483,20251115,5,289,214
484,20250807,45,289,195
485,20251028,18,289,153
486,20250814,47,289,132
487,20250211,55,484,336
488,20250406,16,484,41
489,20250623,32,484,59
490,20251022,64,484,121
491,20250629,22,484,160
492,20251230,8,484,209
493,20250604,49,8,21
494,20250924,25,8,160
495,20250421,21,8,113
496,20250309,54,8,190
497,20251205,63,8,212
498,20250221,47,8,0
499,20250904,37,9,173
500,20250106,32,9,265
501,20251005,60,9,48
502,20250216,32,290,334
503,20251108,20,290,151
504,20250301,48,290,296
505,20251117,13,290,205
506,20250702,64,290,18
507,20251022,55,290,61
508,20250211,41,542,224
509,20251205,58,542,221
510,20250905,56,542,39
511,20250106,21,542,274
512,20251109,15,542,159
513,20250415,19,542,305
514,20251104,31,348,51
515,20250320,46,348,42
516,20250417,44,348,112
517,20250410,55,348,38
518,20250630,61,348,295
519,20250122,29,348,69
520,20251213,18,543,244
521,20250911,47,543,241
522,20251012,27,543,267
523,20250321,48,543,197
524,20251004,57,543,130
525,20250724,10,543,198
526,20250309,49,544,212
527,20250428,29,544,332
528,20251031,55,544,198
529,20250808,54,544,37
530,20251211,52,544,251
531,20250226,61,544,86
532,20250304,60,485,41
533,20251230,48,485,342
534,20251214,58,485,117
535,20250424,26,485,311
536,20250404,5,485,30
537,20251026,19,485,182
538,20250319,64,486,219
539,20250526,22,486,58
540,20250809,31,486,307
541,20251219,55,486,336
542,20250223,49,486,309
543,20251227,48,486,298
544,20250528,10,545,24
545,20250626,21,545,15
546,20250203,33,545,45
547,20250422,14,545,25
548,20250923,60,545,3
549,20250521,20,545,207
550,20250122,46,146,208
551,20251221,1,146,38
552,20250222,63,146,255
553,20251010,32,146,19
554,20250806,35,146,139
555,20250515,36,146,166
556,20250620,30,241,348
557,20250731,46,241,17
558,20250515,57,241,233
559,20250810,14,241,203
560,20250423,45,241,285
561,20251007,22,241,326
562,20250606,6,54,40
563,20251113,44,54,340
564,20250529,1,54,8
565,20250821,50,54,183
566,20250809,23,54,226
567,20250408,2,54,161
568,20251104,21,386,43
569,20250123,42,386,99
570,20250527,14,386,200
571,20250926,33,386,71
572,20250305,13,386,205
573,20251211,23,386,150
574,20250308,25,387,198
575,20250718,22,387,228
576,20250719,55,387,61
577,20251004,45,387,70
578,20250105,49,387,222
579,20251102,35,387,157
580,20251101,1,193,280
581,20250731,2,193,345
582,20250124,36,193,333
583,20250709,61,193,202
584,20250912,14,193,80
585,20250601,53,193,350
586,20250615,5,242,75
587,20250402,54,242,140
588,20250319,40,242,174
589,20250118,57,242,199
590,20250614,44,242,266
591,20250225,24,487,92
592,20250623,23,487,28
593,20251117,13,487,4
594,20250619,53,487,116
595,20250407,5,487,44
596,20250520,41,487,263
597,20250528,57,147,117
598,20250318,46,147,124
599,20250104,38,147,63
600,20250317,24,147,43
601,20250513,58,147,138
602,20250522,61,147,55
603,20250906,50,388,275
604,20250516,2,388,113
605,20251122,60,388,348
606,20251030,46,388,246
607,20251219,36,388,77
608,20250318,54,388,23
609,20250422,11,488,47
610,20251017,16,488,318
611,20250915,56,488,41
612,20251018,50,488,348
613,20250609,64,488,77
614,20250422,57,389,222
615,20250916,39,389,185
616,20250525,42,389,231
617,20250802,18,389,65
618,20250915,34,389,153
619,20250315,24,389,272
620,20250406,64,434,151
621,20250301,25,434,167
622,20250927,50,434,238
623,20251011,37,434,95
624,20250124,4,434,169
625,20250406,17,489,269
626,20250323,38,489,241
627,20250814,40,489,134
628,20250811,11,489,242
629,20251229,20,489,193
630,20250307,32,489,272
631,20250817,64,490,256
632,20250308,4,490,340
633,20250830,37,490,320
634,20250206,30,490,106
635,20251012,29,490,199
636,20250408,57,490,309
637,20250218,32,546,65
638,20250118,34,546,335
639,20251231,33,546,151
640,20250515,30,546,131
641,20251122,49,546,1
642,20250718,14,546,7
643,20250715,20,10,305
644,20251229,56,10,180
645,20250519,3,10,159
646,20250205,39,10,109
647,20251216,22,10,62
648,20250819,42,194,297
649,20250810,11,194,318
650,20250115,57,194,239
651,20250124,12,194,12
652,20250604,53,194,324
653,20250604,2,194,150
654,20251010,64,547,182
655,20250205,40,547,320
656,20250917,32,547,268
657,20250920,30,547,243
658,20251230,19,547,27
659,20250707,29,547,59
660,20250423,4,291,223
661,20250909,44,291,65
662,20250124,23,291,298
663,20250302,1,291,109
664,20250406,10,291,85
665,20250614,42,291,308
666,20250416,6,11,230
667,20250926,56,11,159
668,20251012,53,11,202
669,20250824,41,11,158
670,20250511,45,11,254
671,20250110,3,11,235
672,20250107,36,99,205
673,20250819,13,99,344
674,20250324,15,99,71
675,20250303,60,99,79
676,20251003,33,99,330
677,20251025,39,99,61
678,20250514,58,548,284
679,20250807,60,548,68
680,20251103,62,548,110
681,20250106,19,548,101
682,20251126,51,548,184
683,20251019,43,548,220
684,20250520,5,549,16
685,20250429,54,549,180
686,20250414,14,549,93
687,20250516,62,549,334
688,20250924,27,549,174
689,20251015,61,549,296
690,20250629,11,435,221
691,20250514,62,435,78
692,20250115,18,435,60
693,20250828,27,435,120
694,20250215,4,435,349
695,20250607,60,435,9
696,20250212,41,243,48
697,20251024,35,243,173
698,20251010,13,243,185
699,20251021,1,243,190
700,20250207,25,243,85
701,20250913,18,243,126
702,20250410,14,12,209
703,20251023,55,12,172
704,20250908,7,12,90
705,20250807,10,12,236
706,20250901,33,12,252
707,20251018,59,12,187
708,20250215,31,390,158
709,20251101,35,390,131
710,20250627,20,390,299
711,20250113,16,390,284
712,20251006,5,390,334
713,20250810,10,390,91
714,20250908,1,491,347
715,20250706,9,491,58
716,20250218,63,491,16
717,20250425,23,491,41
718,20250621,61,491,54
719,20250101,45,491,269
720,20251113,21,244,255
721,20250514,52,244,38
722,20250107,32,244,309
723,20250926,9,244,1
724,20250716,15,244,49
725,20251227,1,244,235
726,20251020,47,55,308
727,20250904,4,55,175
728,20251205,58,55,271
729,20250821,25,55,195
730,20250715,36,55,293
731,20250429,27,55,341
732,20250124,54,56,60
733,20250823,52,56,99
734,20250330,22,56,345
735,20250918,28,56,186
736,20251017,14,56,290
737,20250223,37,492,240
738,20250705,54,492,186
739,20250411,2,492,316
740,20250828,55,492,250
741,20250301,40,492,60
742,20251214,24,492,157
743,20251117,9,349,105
744,20250103,58,349,211
745,20250918,62,349,217
746,20250918,42,349,208
747,20251125,28,349,274
748,20250202,44,349,215
749,20250713,28,550,256
750,20250531,64,550,302
751,20250730,23,550,99
752,20250715,9,550,86
753,20250908,39,550,76
754,20251101,64,148,179
755,20250621,27,148,135
756,20251202,16,148,227
757,20251113,53,148,197
758,20251121,36,148,298
759,20250210,33,148,226
760,20250815,30,195,140
761,20251128,58,195,163
762,20250308,25,195,326
763,20250706,36,195,12
764,20250911,32,195,226
765,20251128,12,195,307
766,20250611,19,100,203
767,20251116,28,100,328
768,20250114,58,100,170
769,20250628,32,100,225
770,20250117,18,100,283
771,20250104,24,100,268
772,20250726,42,101,190
773,20250406,19,101,96
774,20250507,10,101,61
775,20250714,9,101,307
776,20250122,31,101,268
777,20250901,63,101,14
778,20250630,55,292,44
779,20250422,10,292,197
780,20250116,48,292,131
781,20250124,36,292,52
782,20250704,53,292,208
783,20250930,2,292,117
784,20250524,60,245,239
785,20250517,10,245,218
786,20250120,9,245,221
787,20250311,54,245,111
788,20251020,3,245,100
789,20250516,14,245,242
790,20250526,27,350,294
791,20250215,23,350,27
792,20251118,50,350,91
793,20250123,35,350,223
794,20250226,48,350,273
795,20250228,30,350,167
796,20250901,23,551,236
797,20250829,63,551,324
798,20250411,18,551,265
799,20250807,1,551,11
800,20250509,22,551,134
801,20250817,53,551,164
802,20250418,32,246,302
803,20250626,2,246,11
804,20250729,30,246,93
805,20250828,61,246,95
806,20250928,43,246,206
807,20250810,18,246,171
808,20251215,8,293,277
809,20251104,43,293,81
810,20250724,6,293,122
811,20251019,25,293,111
812,20250407,59,293,65
813,20250510,55,293,236
814,20250508,23,247,106
815,20250914,62,247,210
816,20250908,7,247,5
817,20250123,29,247,33
818,20251125,32,247,207
819,20250911,12,196,20
820,20250928,53,196,232
821,20251215,46,196,275
822,20250814,57,196,154
823,20250920,16,196,137
824,20250427,2,196,5
825,20251204,29,493,168
826,20250104,42,493,347
827,20251114,10,493,134
828,20250405,16,493,245
829,20251111,56,493,29
830,20250302,60,493,96
831,20250506,44,294,131
832,20250910,35,294,219
833,20251116,27,294,166
834,20250514,63,294,136
835,20251021,36,294,337
836,20251117,16,57,236
837,20250103,46,57,223
838,20250805,9,57,79
839,20250128,52,57,319
840,20250323,25,57,185
841,20250120,47,57,332
842,20250630,13,351,204
843,20250506,9,351,1
844,20251102,11,351,225
845,20250302,46,351,303
846,20250131,23,351,140
847,20251118,56,102,74
848,20250421,10,102,182
849,20250617,64,102,285
850,20250530,51,102,11
851,20250210,46,102,102
852,20251225,8,102,71
853,20250604,34,352,28
854,20251221,56,352,63
855,20250502,18,352,290
856,20250602,49,352,177
857,20251229,36,352,147
858,20250922,55,352,111
859,20251028,53,552,104
860,20250519,33,552,76
861,20251215,57,552,326
862,20250927,44,552,121
863,20250213,23,552,191
864,20250906,41,552,80
865,20250309,13,58,140
866,20250220,33,58,181
867,20250405,17,58,175
868,20251128,60,58,186
869,20250928,49,58,214
870,20250210,16,58,338
871,20251022,28,197,63
872,20250618,22,197,317
873,20250914,47,197,134
874,20250222,12,197,198
875,20251229,48,197,7
876,20251011,17,197,262
877,20250919,11,494,15
878,20251202,53,494,69
879,20250728,30,494,147
880,20250502,59,494,21
881,20250816,37,494,13
882,20250704,32,494,304
883,20250620,30,436,188
884,20250209,23,436,261
885,20251231,29,436,259
886,20250320,36,436,339
887,20250618,34,436,224
888,20250820,10,436,228
889,20250709,64,149,92
890,20250306,56,149,60
891,20250818,44,149,263
892,20251028,2,149,147
893,20251102,40,149,247
894,20250120,21,149,315
895,20251104,64,150,186
896,20250608,48,150,280
897,20250825,30,150,213
898,20250812,3,150,54
899,20250412,60,150,67
900,20250804,38,150,174
901,20250625,63,295,113
902,20250819,8,295,86
903,20250515,50,295,228
904,20250712,38,295,10
905,20250321,40,295,63
906,20250317,22,295,251
907,20250227,35,198,188
908,20250522,40,198,103
909,20251123,9,198,254
910,20250623,36,198,28
911,20250622,5,198,186
912,20250529,3,198,123
913,20250811,30,553,186
914,20250806,24,553,62
915,20250420,62,553,339
916,20251203,38,553,190
917,20250801,53,553,212
918,20251014,58,553,27
919,20250216,30,103,297
920,20250802,33,103,257
921,20250413,45,103,150
922,20250215,4,103,242
923,20251215,36,103,168
924,20250614,32,103,286
925,20250425,52,495,118
926,20250716,25,495,284
927,20251216,30,495,315
928,20251209,22,495,35
929,20250926,42,495,18
930,20250917,61,495,265
931,20250710,29,151,188
932,20250225,28,151,47
933,20250330,46,151,104
934,20250727,6,151,82
935,20250117,47,151,24
936,20251020,13,391,111
937,20250913,28,391,124
938,20250405,63,391,21
939,20251209,31,391,340
940,20251014,12,391,278
941,20250923,30,391,229
942,20250526,49,13,152
943,20250220,20,13,266
944,20250810,19,13,231
945,20250520,24,13,127
946,20251006,10,13,4
947,20250920,18,13,153
948,20250530,40,59,222
949,20250318,3,59,142
950,20250521,52,59,157
951,20250826,32,59,131
952,20250410,34,59,286
953,20251103,14,59,253
954,20250923,57,14,167
955,20251221,12,14,349
956,20250816,41,14,242
957,20251109,23,14,139
958,20250609,35,14,86
959,20250817,26,14,269
960,20250422,24,152,312
961,20250217,61,152,127
962,20250812,1,152,169
963,20251201,13,152,159
964,20251111,57,152,100
965,20250106,46,496,298
966,20250712,61,496,289
967,20250718,50,496,301
968,20250304,13,496,32
969,20250313,35,496,93
970,20250311,3,554,330
971,20251014,12,554,196
972,20250406,27,554,70
973,20250828,34,554,115
974,20250906,26,554,117
975,20250128,25,554,138
976,20251228,49,104,154
977,20250911,10,104,167
978,20250127,17,104,125
979,20250617,15,104,168
980,20251218,44,104,197
981,20250819,55,104,345
982,20251213,32,353,287
983,20250630,57,353,27
984,20250903,42,353,326
985,20250514,17,353,217
986,20251105,13,353,130
987,20250119,16,437,239
988,20250224,62,437,210
989,20250701,15,437,222
990,20250510,55,437,128
991,20250201,11,437,21
992,20250214,51,437,77
993,20250312,60,199,188
994,20250616,41,199,127
995,20251022,1,199,323
996,20250928,42,199,292
997,20251203,30,199,343
998,20250729,7,199,174
999,20250613,9,497,280
1000,20250214,12,497,278
1001,20250407,11,497,134
1002,20251230,37,497,95
1003,20251230,59,497,210
1004,20250523,40,392,24
1005,20250415,59,392,106
1006,20250101,44,392,49
1007,20250916,27,392,20
1008,20250909,22,392,39
1009,20250728,23,153,297
1010,20251103,6,153,316
1011,20250309,18,153,170
1012,20251227,2,153,9
1013,20251112,39,153,179
1014,20250612,59,60,110
1015,20250123,7,60,99
1016,20251118,62,60,3
1017,20250707,8,60,245
1018,20250121,36,60,113
1019,20250106,3,60,39
1020,20251028,4,105,281
1021,20250623,54,105,147
1022,20250226,53,105,235
1023,20250503,49,105,228
1024,20250526,7,105,22
1025,20251109,14,105,42
1026,20250806,53,498,211
1027,20250723,3,498,179
1028,20250424,12,498,89
1029,20250214,36,498,205
1030,20250623,6,498,182
1031,20250803,52,498,11
1032,20250822,17,296,215
1033,20251212,42,296,27
1034,20251119,37,296,207
1035,20250315,38,296,29
1036,20250227,61,296,160
1037,20250702,50,296,3
1038,20250208,63,354,236
1039,20250212,47,354,91
1040,20250716,16,354,46
1041,20250414,22,354,306
1042,20250706,45,354,123
1043,20250428,37,354,294
1044,20251026,47,248,144
1045,20250803,25,248,41
1046,20250129,60,248,242
1047,20250601,40,248,297
1048,20250225,2,248,74
1049,20250117,18,248,116
1050,20250621,19,154,270
1051,20250619,52,154,350
1052,20250113,14,154,293
1053,20250605,28,154,17
1054,20251006,15,154,156
1055,20250408,5,297,113
1056,20250706,34,297,200
1057,20250802,37,297,114
1058,20250104,7,297,121
1059,20251229,48,297,246
1060,20250410,23,297,154
1061,20250303,7,555,144
1062,20250430,45,555,134
1063,20250117,21,555,229
1064,20250317,57,555,331
1065,20250106,19,555,236
1066,20250201,54,555,225
1067,20251010,40,438,86
1068,20251118,38,438,108
1069,20250217,30,438,240
1070,20251004,29,438,328
1071,20250928,60,438,194
1072,20250713,24,438,232
1073,20250502,53,393,252
1074,20250116,40,393,122
1075,20251218,47,393,29
1076,20251107,23,393,193
1077,20250507,7,393,96
1078,20251126,50,61,147
1079,20250923,44,61,14
1080,20250603,22,61,131
1081,20250629,10,61,197
1082,20250701,53,61,151
1083,20251020,13,61,171
1084,20250708,32,499,195
1085,20250107,46,499,92
1086,20251128,27,499,275
1087,20250317,44,499,217
1088,20250819,59,499,93
1089,20251203,37,62,323
1090,20250304,15,62,33
1091,20250920,46,62,223
1092,20250114,33,62,60
1093,20250812,49,62,112
1094,20251129,58,62,300
1095,20251201,20,439,34
1096,20250126,59,439,25
1097,20250328,45,439,341
1098,20250626,57,439,12
1099,20250827,64,439,236
1100,20250826,64,355,301
1101,20250917,35,355,197
1102,20250807,6,355,171
1103,20251104,2,355,335
1104,20250811,27,355,156
1105,20250719,63,440,185
1106,20251031,41,440,57
1107,20250119,9,440,76
1108,20250415,25,440,61
1109,20250503,37,440,205
1110,20250824,23,440,339
1111,20250806,39,155,54
1112,20250926,64,155,136
1113,20250831,47,155,327
1114,20251005,48,155,185
1115,20250308,44,155,282
1116,20250912,63,155,250
1117,20250711,54,15,122
1118,20251208,61,15,318
1119,20251009,3,15,335
1120,20251002,44,15,110
1121,20250717,41,15,190
1122,20251030,23,15,296
1123,20251110,12,500,41
1124,20251223,52,500,31
1125,20250807,39,500,130
1126,20250305,50,500,295
1127,20250909,34,500,195
1128,20250215,47,500,295
1129,20250503,58,356,189
1130,20251118,62,356,108
1131,20251012,22,356,125
1132,20250421,21,356,285
1133,20251125,9,356,164
1134,20250309,10,356,271
1135,20250402,62,556,169
1136,20250128,40,556,87
1137,20251212,11,556,306
1138,20250909,12,556,281
1139,20250916,38,556,245
1140,20250406,58,556,58
1141,20250529,37,106,100
1142,20250820,14,106,62
1143,20251024,59,106,70
1144,20250814,27,106,42
1145,20250919,62,106,235
1146,20251130,27,357,290
1147,20250711,54,357,224
1148,20250129,56,357,331
1149,20250904,45,357,166
1150,20251016,35,357,247
1151,20250603,12,357,234
1152,20251125,50,501,154
1153,20250629,55,501,105
1154,20251223,49,501,257
1155,20251220,27,501,35
1156,20250630,4,501,253
1157,20250314,10,501,300
1158,20250714,37,441,96
1159,20250819,48,441,191
1160,20250802,24,441,180
1161,20250512,2,441,313
1162,20251023,17,441,102
1163,20251002,47,441,208
1164,20250616,55,502,161
1165,20251021,63,502,204
1166,20251024,45,502,116
1167,20250517,36,502,139
1168,20250204,18,502,30
1169,20250316,19,502,153
1170,20250318,61,200,299
1171,20250224,1,200,0
1172,20250916,24,200,36
1173,20251111,9,200,327
1174,20251115,39,200,312
1175,20250420,2,200,58
1176,20250915,44,557,157
1177,20250221,40,557,39
1178,20250913,41,557,166
1179,20250603,37,557,96
1180,20250722,10,557,189
1181,20250217,18,557,329
1182,20250406,21,394,196
1183,20250615,58,394,171
1184,20250305,53,394,91
1185,20251230,28,394,174
1186,20251115,51,394,199
1187,20250212,3,156,250
1188,20251208,27,156,126
1189,20250522,12,156,117
1190,20250201,21,156,196
1191,20250513,64,156,174
1192,20250126,45,156,350
1193,20250209,58,358,269
1194,20251023,48,358,226
1195,20250720,35,358,55
1196,20250310,62,358,172
1197,20251120,12,358,132
1198,20250204,38,249,204
1199,20250122,3,249,263
1200,20250812,25,249,172
1201,20250213,7,249,340
1202,20250519,44,249,171
1203,20250422,64,249,98
1204,20250923,60,298,71
1205,20250204,14,298,305
1206,20251223,40,298,220
1207,20250301,31,298,282
1208,20250711,45,298,341
1209,20251031,38,107,155
1210,20251126,48,107,59
1211,20250525,30,107,333
1212,20251026,64,107,292
1213,20250915,52,107,138
1214,20250920,22,395,110
1215,20251023,8,395,203
1216,20251025,3,395,97
1217,20250328,45,395,145
1218,20250320,33,395,164
1219,20250325,6,395,61
1220,20251114,10,157,26
1221,20251113,4,157,223
1222,20250924,53,157,262
1223,20250706,47,157,206
1224,20251006,50,157,152
1225,20250507,3,558,63
1226,20251209,42,558,234
1227,20250222,52,558,310
1228,20250520,61,558,159
1229,20250305,36,558,295
1230,20250318,23,558,97
1231,20250611,48,503,264
1232,20250222,54,503,111
1233,20251001,7,503,206
1234,20250529,62,503,120
1235,20250509,9,503,278
1236,20250317,64,503,64
1237,20251119,35,504,41
1238,20250106,52,504,80
1239,20250507,61,504,160
1240,20250504,14,504,81
1241,20250814,43,504,217
1242,20250831,58,504,229
1243,20251130,48,16,101
1244,20251205,4,16,338
1245,20250910,34,16,274
1246,20251229,49,16,218
1247,20250604,24,16,240
1248,20251225,55,16,276
1249,20250623,63,505,332
1250,20251219,60,505,149
1251,20250504,49,505,10
1252,20250709,5,505,18
1253,20251219,47,505,9
1254,20250316,41,505,252
1255,20250627,56,559,221
1256,20250812,36,559,33
1257,20250402,39,559,303
1258,20251230,2,559,222
1259,20251010,52,559,297
1260,20250328,40,442,282
1261,20250408,11,442,295
1262,20250409,20,442,331
1263,20250824,27,442,85
1264,20250807,7,442,333
1265,20250902,36,442,10
1266,20251130,20,443,233
1267,20250924,52,443,40
1268,20250708,26,443,308
1269,20251216,11,443,218
1270,20250406,39,443,303
1271,20250627,13,299,29
1272,20251202,37,299,240
1273,20250903,12,299,253
1274,20251013,4,299,3
1275,20251017,30,299,152
1276,20251023,42,299,337
1277,20250802,36,17,258
1278,20250206,9,17,64
1279,20250106,35,17,279
1280,20250512,42,17,312
1281,20250703,13,17,143
1282,20250221,38,560,172
1283,20251229,51,560,96
1284,20251110,54,560,167
1285,20250531,40,560,179
1286,20250731,22,560,297
1287,20251219,64,560,337
1288,20250114,11,359,50
1289,20250912,55,359,210
1290,20250224,32,359,175
1291,20250428,30,359,219
1292,20251106,56,359,182
1293,20250116,63,359,171
1294,20250314,49,300,72
1295,20250310,44,300,133
1296,20250915,12,300,249
1297,20251230,63,300,20
1298,20250330,53,300,347
1299,20251007,55,300,324
1300,20251115,2,18,269
1301,20250428,18,18,291
1302,20251212,6,18,157
1303,20250613,41,18,349
1304,20250206,5,18,61
1305,20250612,53,18,225
1306,20250206,59,250,111
1307,20251107,12,250,156
1308,20250223,33,250,122
1309,20250915,64,250,273
1310,20250504,44,250,82
1311,20250621,54,250,221
1312,20250218,18,19,272
1313,20250505,28,19,9
1314,20251008,58,19,152
1315,20251213,46,19,47
1316,20250308,61,19,22
1317,20250320,12,19,256
1318,20250124,50,63,229
1319,20250515,30,63,265
1320,20250806,1,63,32
1321,20250829,46,63,281
1322,20251125,19,63,228
1323,20250405,6,63,98
1324,20250418,21,506,5
1325,20250524,64,506,10
1326,20250609,23,506,329
1327,20250420,63,506,130
1328,20250606,43,506,157
1329,20250123,60,506,53
1330,20250722,31,251,150
1331,20250107,5,251,33
1332,20250226,60,251,149
1333,20250501,47,251,62
1334,20250620,36,251,187
1335,20250605,46,251,292
1336,20250307,7,301,348
1337,20250702,31,301,305
1338,20250308,43,301,237
1339,20250908,33,301,43
1340,20251230,50,301,39
1341,20250909,64,64,232
1342,20250813,30,64,243
1343,20250422,20,64,32
1344,20250826,54,64,245
1345,20250307,59,64,39
1346,20251002,57,64,310
1347,20250122,41,360,82
1348,20250901,24,360,259
1349,20250521,42,360,19
1350,20251028,26,360,59
1351,20250919,36,360,209
1352,20251012,55,561,275
1353,20251024,58,561,255
1354,20250609,31,561,206
1355,20251117,11,561,126
1356,20250628,2,561,54
1357,20250919,8,561,163
1358,20250616,13,507,326
1359,20250720,55,507,338
1360,20250705,21,507,16
1361,20251104,7,507,156
1362,20251026,34,507,120
1363,20250211,19,507,229
1364,20250610,25,108,264
1365,20250105,1,108,233
1366,20250828,46,108,27
1367,20250701,61,108,38
1368,20251014,15,108,234
1369,20250406,11,108,142
1370,20250423,29,252,172
1371,20250525,39,252,136
1372,20250922,28,252,230
1373,20250731,26,252,346
1374,20251224,63,252,239
1375,20251003,31,252,269
1376,20250117,38,302,54
1377,20250313,26,302,233
1378,20250112,30,302,141
1379,20250911,54,302,158
1380,20250330,31,302,63
1381,20250224,49,302,206
1382,20250218,31,361,143
1383,20251010,27,361,159
1384,20250803,19,361,267
1385,20250318,29,361,139
1386,20250530,45,361,64
1387,20250829,64,253,212
1388,20250109,48,253,58
1389,20250826,29,253,257
1390,20250429,1,253,7
1391,20250617,21,253,80
1392,20251221,20,253,24
1393,20250310,22,65,125
1394,20251204,11,65,192
1395,20251017,35,65,271
1396,20251203,33,65,247
1397,20251214,46,65,307
1398,20251124,42,65,109
1399,20250815,18,396,237
1400,20250914,36,396,304
1401,20251021,11,396,206
1402,20250828,17,396,145
1403,20250928,7,396,144
1404,20250919,10,20,47
1405,20250506,56,20,147
1406,20250212,63,20,126
1407,20251219,28,20,182
1408,20250219,9,20,190
1409,20250327,48,20,63
1410,20250112,32,508,29
1411,20250504,23,508,138
1412,20250412,6,508,138
1413,20250715,54,508,181
1414,20250115,57,508,151
1415,20250714,43,508,107
1416,20250305,25,66,105
1417,20250513,6,66,172
1418,20250204,53,66,326
1419,20250114,26,66,303
1420,20250115,27,66,70
1421,20250908,50,66,5
1422,20250117,44,303,27
1423,20250401,32,303,65
1424,20250608,14,303,345
1425,20251128,26,303,83
1426,20251201,22,303,224
1427,20250413,10,303,187
1428,20250305,18,562,61
1429,20251217,27,562,55
1430,20251115,49,562,342
1431,20250609,37,562,312
1432,20250731,34,562,72
1433,20250521,16,562,273
1434,20251002,25,509,162
1435,20250929,10,509,205
1436,20251116,41,509,328
1437,20251001,33,509,30
1438,20251110,34,509,138
1439,20250609,53,509,336
1440,20250628,36,304,117
1441,20251222,9,304,28
1442,20251118,49,304,342
1443,20250329,62,304,330
1444,20250116,39,304,265
1445,20251207,48,109,254
1446,20251027,56,109,45
1447,20250419,36,109,230
1448,20250531,44,109,132
1449,20250403,37,109,183
1450,20250910,47,109,242
1451,20250719,62,201,289
1452,20250506,1,201,300
1453,20250807,3,201,156
1454,20250125,34,201,27
1455,20250717,55,201,4
1456,20250919,2,201,272
1457,20250823,34,305,343
1458,20250417,4,305,186
1459,20251031,19,305,236
1460,20250630,16,305,287
1461,20251201,49,305,148
1462,20251026,32,305,10
1463,20250828,2,306,12
1464,20250510,8,306,184
1465,20251105,46,306,101
1466,20250217,53,306,22
1467,20251021,59,306,30
1468,20250314,1,306,113
1469,20250311,17,202,203
1470,20250223,42,202,342
1471,20250414,46,202,151
1472,20250130,41,202,201
1473,20250710,21,202,67
1474,20250429,50,202,332
1475,20250513,23,444,271
1476,20250824,12,444,79
1477,20250703,28,444,293
1478,20250807,25,444,124
1479,20251030,64,444,255
1480,20251231,28,21,181
1481,20250822,56,21,181
1482,20250330,36,21,59
1483,20250225,4,21,98
1484,20251215,23,21,147
1485,20250813,29,21,73
1486,20250113,42,158,143
1487,20251104,49,158,109
1488,20251207,59,158,201
1489,20250718,50,158,243
1490,20250729,56,158,236
1491,20251208,28,158,15
1492,20250707,6,159,339
1493,20250325,2,159,41
1494,20250429,31,159,193
1495,20250304,56,159,40
1496,20250104,13,159,179
1497,20250930,38,159,67
1498,20251122,37,160,347
1499,20250702,47,160,300
1500,20250311,43,160,269
1501,20250909,34,160,215
1502,20250418,3,160,319
1503,20250822,18,445,327
1504,20250814,10,445,68
1505,20251108,55,445,110
1506,20250406,33,445,296
1507,20250303,11,445,176
1508,20250312,57,445,6
1509,20250410,45,563,131
1510,20250509,44,563,320
1511,20251019,41,563,197
1512,20250421,33,563,175
1513,20250704,51,563,34
1514,20250508,5,563,243
1515,20250410,48,110,286
1516,20250821,39,110,284
1517,20250127,45,110,185
1518,20250418,20,110,318
1519,20250819,21,110,239
1520,20250213,10,446,140
1521,20250624,63,446,264
1522,20251217,49,446,81
1523,20250711,24,446,342
1524,20251223,43,446,327
1525,20250318,9,446,269
1526,20250115,47,203,88
1527,20251118,45,203,335
1528,20250322,23,203,43
1529,20251027,48,203,267
1530,20250403,43,203,177
1531,20251126,50,203,305
1532,20250617,57,510,38
1533,20250922,34,510,319
1534,20250228,47,510,179
1535,20250817,49,510,184
1536,20250412,12,510,15
1537,20250108,10,510,100
1538,20250525,8,362,309
1539,20250622,35,362,238
1540,20250524,16,362,86
1541,20250113,60,362,113
1542,20250920,45,362,227
1543,20250805,53,362,279
1544,20251216,29,204,174
1545,20250103,18,204,173
1546,20251022,64,204,173
1547,20250621,35,204,155
1548,20251113,44,204,151
1549,20250508,37,204,90
1550,20250402,57,22,228
1551,20250623,24,22,219
1552,20250305,3,22,276
1553,20250121,28,22,68
1554,20251130,14,22,115
1555,20251206,49,22,138
1556,20250316,6,564,205
1557,20250717,28,564,249
1558,20250410,62,564,339
1559,20250414,29,564,309
1560,20250224,1,564,146
1561,20250818,55,564,193
1562,20251222,5,363,344
1563,20250919,41,363,288
1564,20250611,20,363,272
1565,20251114,54,363,138
1566,20250128,28,363,44
1567,20250812,62,363,330
1568,20251116,4,565,229
1569,20251109,16,565,275
1570,20250821,3,565,110
1571,20250207,6,565,26
1572,20251022,17,565,142
1573,20251102,11,447,343
1574,20250513,16,447,75
1575,20251007,32,447,224
1576,20250814,2,447,138
1577,20250121,39,447,149
1578,20251029,28,447,321
1579,20250711,34,364,228
1580,20250313,5,364,301
1581,20251209,36,364,112
1582,20250417,17,364,240
1583,20250302,58,364,254
1584,20250508,31,111,79
1585,20251010,13,111,13
1586,20251204,54,111,234
1587,20250628,43,111,294
1588,20250708,52,111,58
1589,20251228,5,111,72
1590,20251025,40,205,3
1591,20250620,38,205,0
1592,20250419,34,205,275
1593,20251107,13,205,334
1594,20250116,61,205,105
1595,20250207,46,205,137
1596,20250615,36,307,263
1597,20250517,38,307,274
1598,20251105,26,307,347
1599,20250807,49,307,22
1600,20250913,22,307,12
1601,20250816,33,397,126
1602,20250523,7,397,26
1603,20251205,58,397,40
1604,20250526,2,397,158
1605,20251014,35,397,198
1606,20251205,12,397,42
1607,20250406,33,23,223
1608,20250902,12,23,183
1609,20250104,17,23,154
1610,20250711,55,23,130
1611,20250808,29,23,223
1612,20250318,42,23,268
1613,20250705,64,511,259
1614,20250202,4,511,321
1615,20251106,5,511,55
1616,20250829,2,511,256
1617,20250417,51,511,214
1618,20250330,44,511,292
1619,20250926,37,161,299
1620,20250610,49,161,62
1621,20250108,10,161,12
1622,20250419,30,161,62
1623,20251223,11,161,338
1624,20250520,21,161,148
1625,20250206,18,67,247
1626,20250517,56,67,341
1627,20251129,34,67,237
1628,20250104,39,67,199
1629,20250802,15,67,161
1630,20250429,42,67,301
1631,20250709,51,254,158
1632,20250725,54,254,334
1633,20250819,7,254,341
1634,20250831,14,254,190
1635,20250725,28,254,197
1636,20250721,57,254,246
1637,20251125,30,112,175
1638,20250812,49,112,300
1639,20250614,45,112,168
1640,20250909,17,112,36
1641,20251003,32,112,319
1642,20250315,64,448,249
1643,20250603,18,448,184
1644,20250327,49,448,72
1645,20250209,22,448,220
1646,20251221,20,448,185
1647,20251107,17,448,212
1648,20251218,56,398,221
1649,20250201,35,398,17
1650,20250810,11,398,212
1651,20250120,26,398,299
1652,20250214,18,398,83
1653,20251018,44,162,97
1654,20250111,48,162,123
1655,20250227,9,162,55
1656,20251209,6,162,134
1657,20250701,19,162,205
1658,20250930,29,162,256
1659,20250721,18,113,291
1660,20250208,44,113,175
1661,20250730,37,113,98
1662,20250510,40,113,234
1663,20251229,49,113,232
1664,20250413,16,163,279
1665,20250822,37,163,256
1666,20250504,5,163,336
1667,20250723,56,163,178
1668,20250810,41,163,316
1669,20250415,21,163,336
1670,20251201,64,308,237
1671,20250617,53,308,72
1672,20251221,32,308,23
1673,20251111,19,308,307
1674,20250810,16,308,56
1675,20250829,18,512,324
1676,20251217,16,512,201
1677,20250312,56,512,145
1678,20250705,23,512,268
1679,20251030,4,512,248
1680,20250125,13,164,310
1681,20250309,16,164,2
1682,20250209,43,164,253
1683,20251214,21,164,29
1684,20251213,31,164,160
1685,20250407,58,164,4
1686,20251123,55,68,187
1687,20250122,51,68,292
1688,20250630,7,68,140
1689,20250606,64,68,87
1690,20251219,49,68,213
1691,20250119,8,68,77
1692,20251105,35,449,120
1693,20250630,38,449,347
1694,20250321,16,449,267
1695,20250309,15,449,96
1696,20250615,10,449,65
1697,20251003,25,449,344
1698,20250610,20,450,160
1699,20250526,45,450,269
1700,20250521,12,450,344
1701,20250314,48,450,31
1702,20250602,26,450,270
1703,20250126,44,450,177
1704,20250507,20,451,108
1705,20251017,45,451,327
1706,20250113,33,451,238
1707,20250519,32,451,135
1708,20250414,23,451,154
1709,20251209,48,513,49
1710,20250501,55,513,89
1711,20250308,24,513,123
1712,20251119,45,513,243
1713,20250908,42,513,112
1714,20250625,43,513,181
1715,20250614,14,255,172
1716,20250224,5,255,285
1717,20250219,41,255,239
1718,20250623,61,255,54
1719,20251107,16,256,65
1720,20250825,36,256,91
1721,20250205,34,256,71
1722,20251125,21,256,30
1723,20250511,32,256,106
1724,20250508,60,256,325
1725,20251110,7,165,276
1726,20250916,16,165,169
1727,20250817,51,165,147
1728,20250421,43,165,96
1729,20250309,24,165,35
1730,20250123,59,165,309
1731,20250815,54,69,75
1732,20250505,55,69,306
1733,20250611,8,69,185
1734,20250214,29,69,341
1735,20250213,23,69,92
1736,20251211,62,69,215
1737,20251211,39,566,334
1738,20250215,47,566,306
1739,20250721,56,566,97
1740,20250720,30,566,110
1741,20250509,14,566,148
1742,20251029,37,257,214
1743,20250317,32,257,129
1744,20251120,34,257,3
1745,20251119,21,257,237
1746,20250815,36,257,84
1747,20250503,35,257,256
1748,20251209,42,206,163
1749,20250129,17,206,54
1750,20250407,48,206,111
1751,20250422,59,206,190
1752,20250123,25,206,7
1753,20250806,54,70,263
1754,20250817,48,70,243
1755,20250726,27,70,145
1756,20250326,10,70,245
1757,20250521,24,309,148
1758,20250421,62,309,326
1759,20250701,26,309,193
1760,20250731,46,309,343
1761,20250203,12,309,145
1762,20250415,32,71,253
1763,20250921,15,71,34
1764,20250913,63,71,55
1765,20251212,9,71,291
1766,20251227,38,71,183
1767,20250107,31,310,210
1768,20250428,55,310,327
1769,20250611,22,310,229
1770,20251019,15,310,93
1771,20250922,37,310,139
1772,20250313,35,310,326
1773,20250217,46,399,166
1774,20250630,21,399,173
1775,20251121,51,399,300
1776,20250821,52,399,101
1777,20250428,53,399,66
1778,20250731,49,399,203
1779,20251113,5,207,94
1780,20251007,3,207,23
1781,20250907,50,207,112
1782,20251030,56,207,91
1783,20250304,16,207,73
1784,20250408,14,166,343
1785,20250709,25,166,326
1786,20251211,33,166,44
1787,20250721,50,166,290
1788,20250514,4,166,285
1789,20250618,55,167,302
1790,20250128,36,167,308
1791,20251003,16,167,239
1792,20251203,28,167,337
1793,20250726,26,167,255
1794,20250113,27,167,319
1795,20250720,53,24,220
1796,20250608,17,24,311
1797,20251017,4,24,348
1798,20250418,61,24,158
1799,20250916,14,24,209
1800,20251024,30,365,171
1801,20251121,54,365,171
1802,20251020,31,365,84
1803,20250713,46,365,94
1804,20250316,18,365,289
1805,20250617,37,365,73
1806,20251004,37,567,211
1807,20250831,44,567,84
1808,20250519,12,567,349
1809,20250409,25,567,90
1810,20251123,4,567,129
1811,20250802,30,567,220
1812,20250717,10,311,306
1813,20250125,47,311,279
1814,20250722,39,311,262
1815,20251009,7,311,257
1816,20251223,56,311,266
1817,20251112,4,311,241
1818,20250506,19,452,9
1819,20251115,63,452,346
1820,20250924,1,452,42
1821,20251229,23,452,318
1822,20250214,54,452,213
1823,20250603,62,452,341
1824,20250501,7,208,335
1825,20250507,59,208,278
1826,20250304,20,208,14
1827,20250408,19,208,296
1828,20250804,11,208,240
1829,20250311,29,208,34
1830,20251120,15,568,126
1831,20250102,44,568,282
1832,20250322,62,568,344
1833,20250209,63,568,14
1834,20250219,23,568,110
1835,20250403,35,568,187
1836,20250319,45,366,186
1837,20250410,25,366,37
1838,20251123,50,366,202
1839,20250204,12,366,347
1840,20251031,22,366,2
1841,20250210,7,366,90
1842,20250807,63,72,304
1843,20250118,47,72,95
1844,20251115,52,72,93
1845,20250110,12,72,309
1846,20251206,8,72,50
1847,20251224,36,73,3
1848,20251202,54,73,53
1849,20250210,21,73,327
1850,20250625,29,73,192
1851,20250531,61,73,89
1852,20250503,45,73,271
1853,20250228,16,453,246
1854,20250610,35,453,37
1855,20250605,60,453,252
1856,20250301,17,453,316
1857,20251117,55,453,238
1858,20250820,34,453,282
1859,20250511,2,367,16
1860,20251116,43,367,23
1861,20250924,50,367,336
1862,20250414,19,367,279
1863,20251018,52,367,321
1864,20250402,54,367,58
1865,20250711,38,74,12
1866,20250402,8,74,109
1867,20251007,13,74,38
1868,20251216,27,74,71
1869,20251231,28,74,95
1870,20250324,45,74,196
1871,20250423,3,25,45
1872,20250812,26,25,50
1873,20250928,47,25,84
1874,20250717,53,25,85
1875,20250828,51,514,221
1876,20250311,14,514,210
1877,20250402,41,514,3
1878,20250723,8,514,259
1879,20250810,56,514,86
1880,20251021,42,209,314
1881,20250905,34,209,42
1882,20251125,46,209,106
1883,20251211,51,209,144
1884,20250412,61,209,184
1885,20250925,47,209,311
1886,20250613,50,569,165
1887,20250513,48,569,270
1888,20250325,27,569,163
1889,20250201,46,569,228
1890,20250916,41,569,254
1891,20251014,60,168,3
1892,20250113,41,168,116
1893,20250721,24,168,230
1894,20250531,44,168,337
1895,20250919,48,168,173
1896,20250617,31,168,164
1897,20251125,51,210,232
1898,20250505,44,210,226
1899,20250406,54,210,280
1900,20250302,64,210,13
1901,20250308,41,210,120
1902,20250225,61,210,184
1903,20250116,5,400,273
1904,20251102,57,400,316
1905,20250116,9,400,186
1906,20250122,1,400,155
1907,20250202,46,400,161
1908,20250209,61,114,243
1909,20250126,25,114,235
1910,20251004,30,114,139
1911,20251018,58,114,225
1912,20251012,2,114,261
1913,20251119,59,114,99
1914,20250818,52,211,28
1915,20250607,51,211,12
1916,20251006,54,211,152
1917,20251005,35,211,126
1918,20250303,61,211,266
1919,20250305,1,211,31
1920,20251222,20,212,255
1921,20250813,57,212,237
1922,20251027,55,212,36
1923,20250518,38,212,66
1924,20250115,29,212,204
1925,20250120,15,212,247
1926,20250208,4,454,169
1927,20250121,35,454,238
1928,20251207,7,454,78
1929,20250103,41,454,284
1930,20250428,16,454,179
1931,20250916,64,454,231
1932,20250318,53,570,97
1933,20250630,42,570,316
1934,20251126,27,570,301
1935,20251012,37,570,288
1936,20250704,60,570,120
1937,20250421,64,571,97
1938,20251225,52,571,173
1939,20251225,51,571,83
1940,20251110,24,571,15
1941,20250915,23,571,294
1942,20250716,59,258,157
1943,20250527,9,258,273
1944,20251213,30,258,69
1945,20251027,23,258,127
1946,20250627,18,258,346
1947,20251205,43,455,213
1948,20250327,23,455,207
1949,20250508,5,455,242
1950,20250501,20,455,115
1951,20250719,31,455,1
1952,20250129,61,455,80
1953,20250301,57,259,30
1954,20250217,16,259,68
1955,20251220,9,259,203
1956,20251219,12,259,130
1957,20250801,2,259,90
1958,20250329,34,259,205
1959,20250117,58,75,235
1960,20250517,52,75,141
1961,20250302,53,75,185
1962,20250415,10,75,156
1963,20250317,9,75,148
1964,20250223,40,75,39
1965,20250620,28,260,290
1966,20250528,1,260,328
1967,20251120,53,260,41
1968,20250603,21,260,272
1969,20250603,63,260,320
1970,20250916,3,260,121
1971,20250520,31,261,208
1972,20251109,5,261,328
1973,20250402,24,261,147
1974,20250914,8,261,305
1975,20250510,56,261,88
1976,20250928,15,115,316
1977,20251127,37,115,191
1978,20250704,10,115,60
1979,20250201,26,115,1
1980,20250303,55,115,161
1981,20251130,24,115,188
1982,20251218,41,76,90
1983,20250623,59,76,24
1984,20250329,2,76,285
1985,20250411,43,76,166
1986,20250915,53,76,13
1987,20250509,21,76,71
1988,20251124,23,262,273
1989,20250607,54,262,86
1990,20251122,61,262,24
1991,20251120,12,262,137
1992,20250806,32,262,6
1993,20250719,43,262,302
1994,20251107,13,456,158
1995,20250202,36,456,75
1996,20251103,60,456,251
1997,20250717,23,456,18
1998,20250806,25,456,4
1999,20250225,19,116,52
2000,20250102,41,116,163
2001,20250211,6,116,97
2002,20250101,39,116,22
2003,20250406,22,116,26
2004,20251013,45,116,84
2005,20250310,58,312,327
2006,20250131,35,312,88
2007,20250210,62,312,200
2008,20251008,60,312,315
2009,20250710,17,312,72
2010,20251113,11,312,236
2011,20250916,33,117,231
2012,20250117,24,117,83
2013,20250204,23,117,331
2014,20250523,57,117,43
2015,20250512,25,117,69
2016,20251125,64,117,7
2017,20250805,41,401,273
2018,20251024,58,401,181
2019,20250923,44,401,86
2020,20251229,51,401,306
2021,20250822,12,401,139
2022,20250829,30,401,337
2023,20250915,16,77,311
2024,20250428,54,77,303
2025,20250610,33,77,174
2026,20251022,63,77,244
2027,20251104,44,77,337
2028,20250417,29,77,273
2029,20250221,53,402,320
2030,20251028,16,402,188
2031,20250520,46,402,309
2032,20250612,43,402,52
2033,20250428,4,402,143
2034,20250502,31,402,28
2035,20251010,60,26,182
2036,20251113,32,26,209
2037,20250806,46,26,196
2038,20250803,64,26,316
2039,20250607,49,26,182
2040,20250109,18,26,201
2041,20250215,26,213,29
2042,20250308,59,213,148
2043,20251206,6,213,84
2044,20250609,36,213,194
2045,20250223,51,213,146
2046,20250308,62,213,11
2047,20251121,29,118,310
2048,20250727,22,118,164
2049,20250622,3,118,123
2050,20251125,48,118,141
2051,20250821,17,118,240
2052,20250120,39,118,169
2053,20250823,58,515,165
2054,20250510,55,515,248
2055,20250321,28,515,180
2056,20250329,56,515,38
2057,20251010,40,515,169
2058,20250823,34,515,214
2059,20250322,7,214,86
2060,20251121,6,214,301
2061,20250521,27,214,318
2062,20250617,44,214,219
2063,20251116,36,214,107
2064,20250511,37,214,254
2065,20250623,7,215,264
2066,20250813,50,215,19
2067,20251014,48,215,30
2068,20250625,57,215,45
2069,20250307,11,215,42
2070,20250801,27,215,73
2071,20250624,25,169,278
2072,20251212,43,169,103
2073,20250712,53,169,246
2074,20250324,37,169,170
2075,20250802,11,169,145
2076,20250308,58,169,159
2077,20250112,38,263,72
2078,20250415,46,263,125
2079,20250209,2,263,208
2080,20251103,48,263,269
2081,20250911,17,263,269
2082,20251204,39,457,96
2083,20250122,26,457,259
2084,20250125,64,457,196
2085,20251213,23,457,103
2086,20250928,8,264,44
2087,20250508,17,264,154
2088,20250809,57,264,334
2089,20250403,40,264,340
2090,20251106,3,264,322
2091,20250424,56,264,44
2092,20251025,7,170,16
2093,20250906,31,170,212
2094,20250823,51,170,255
2095,20250503,28,170,232
2096,20250822,55,170,175
2097,20250702,5,170,159
2098,20250916,23,458,128
2099,20250619,38,458,314
2100,20250703,24,458,103
2101,20250126,53,458,55
2102,20251116,48,458,195
2103,20250611,10,458,293
2104,20250409,15,27,69
2105,20251201,12,27,96
2106,20250706,57,27,105
2107,20251202,48,27,159
2108,20250622,19,27,161
2109,20250112,24,27,237
2110,20250108,33,28,216
2111,20250606,16,28,152
2112,20250812,49,28,244
2113,20250804,36,28,54
2114,20250821,44,403,296
2115,20250331,32,403,27
2116,20250128,1,403,144
2117,20250617,27,403,290
2118,20250626,49,403,86
2119,20250118,42,403,341
2120,20250416,42,265,317
2121,20250227,32,265,236
2122,20251007,36,265,191
2123,20250516,34,265,274
2124,20251105,40,265,286
2125,20251209,17,265,302
2126,20250620,23,368,347
2127,20250204,58,368,298
2128,20250610,64,368,141
2129,20250531,39,368,336
2130,20250509,6,368,221
2131,20250502,13,368,73
2132,20250321,45,313,155
2133,20250911,46,313,192
2134,20250619,1,313,187
2135,20251029,40,313,257
2136,20251103,51,313,249
2137,20250123,6,171,231
2138,20250427,8,171,347
2139,20250315,54,171,250
2140,20250123,28,171,175
2141,20251224,4,171,257
2142,20251220,13,171,29
2143,20250911,50,369,325
2144,20251225,42,369,138
2145,20251211,43,369,21
2146,20250731,54,369,54
2147,20251206,30,369,113
2148,20250907,47,369,6
2149,20250629,1,370,137
2150,20250401,36,370,165
2151,20250528,28,370,176
2152,20250915,32,370,91
2153,20251015,6,370,64
2154,20251218,13,370,250
2155,20250720,28,29,216
2156,20250205,55,29,260
2157,20250828,6,29,183
2158,20250706,39,29,166
2159,20250802,64,29,346
2160,20250801,48,29,215
2161,20250718,23,404,122
2162,20251124,63,404,208
2163,20251019,47,404,174
2164,20250303,21,404,160
2165,20250206,12,404,59
2166,20251028,15,404,106
2167,20250208,58,216,190
2168,20250711,63,216,76
2169,20250726,9,216,310
2170,20250307,52,216,303
2171,20251125,49,216,74
2172,20250819,1,216,290
2173,20251020,34,405,246
2174,20251107,22,405,321
2175,20250213,44,405,101
2176,20250425,20,405,217
2177,20250324,4,405,177
2178,20250127,18,405,321
2179,20250627,15,406,92
2180,20250805,13,406,40
2181,20250501,21,406,68
2182,20250310,53,406,61
2183,20250727,58,406,144
2184,20250226,52,406,5
2185,20250915,34,314,292
2186,20250827,10,314,124
2187,20250926,7,314,8
2188,20250627,33,314,341
2189,20250103,23,314,198
2190,20250330,6,314,76
2191,20251125,46,516,105
2192,20250821,15,516,251
2193,20251114,9,516,200
2194,20251108,39,516,85
2195,20250203,63,516,158
2196,20250105,43,516,152
2197,20250422,16,78,9
2198,20250926,59,78,157
2199,20250428,43,78,349
2200,20250211,10,78,211
2201,20251218,4,79,1
2202,20251227,45,79,344
2203,20250916,62,79,168
2204,20251205,12,79,71
2205,20250621,58,79,287
2206,20251207,19,79,332
2207,20250827,10,172,40
2208,20250720,26,172,326
2209,20250721,56,172,197
2210,20251130,51,172,200
2211,20250903,17,172,155
2212,20251025,50,572,167
2213,20250622,26,572,143
2214,20250413,12,572,98
2215,20250126,51,572,312
2216,20251206,15,572,341
2217,20250116,59,572,142
2218,20251208,63,315,101
2219,20250413,40,315,337
2220,20250625,10,315,128
2221,20251219,39,315,229
2222,20250820,25,315,212
2223,20251120,29,315,298
2224,20250128,7,573,127
2225,20250914,57,573,206
2226,20250201,36,573,284
2227,20250306,58,573,34
2228,20250319,35,573,168
2229,20250530,31,573,318
2230,20250916,50,80,306
2231,20250915,17,80,259
2232,20250207,39,80,2
2233,20250522,51,80,61
2234,20250815,36,80,239
2235,20250518,31,80,211
2236,20250814,52,30,180
2237,20250312,12,30,177
2238,20250310,14,30,85
2239,20251018,31,30,55
2240,20251203,6,30,167
2241,20251208,15,30,288
2242,20250601,1,517,297
2243,20250903,4,517,234
2244,20251002,59,517,277
2245,20251117,64,517,175
2246,20250216,47,574,298
2247,20250627,34,574,304
2248,20250921,32,574,227
2249,20250417,53,574,72
2250,20250706,55,574,333
2251,20250716,64,574,96
2252,20250617,34,575,287
2253,20250311,50,575,224
2254,20251231,2,518,324
2255,20251009,46,518,281
2256,20250322,54,518,34
2257,20251113,59,518,295
2258,20250815,11,518,112
2259,20250915,47,217,128
2260,20250705,9,217,192
2261,20250101,26,217,247
2262,20250221,41,217,327
2263,20250727,3,217,177
2264,20251029,63,316,99
2265,20250902,36,316,250
2266,20250514,3,316,162
2267,20250208,60,316,124
2268,20250911,28,218,272
2269,20250126,2,218,338
2270,20250915,16,218,264
2271,20250305,54,218,273
2272,20250619,20,218,82
2273,20250311,26,218,48
2274,20250520,39,576,161
2275,20250125,16,576,260
2276,20250617,58,576,288
2277,20250606,53,576,26
2278,20250531,15,576,46
2279,20250611,49,576,62
2280,20251024,56,407,36
2281,20250819,34,407,17
2282,20250917,31,407,265
2283,20250720,45,407,131
2284,20251119,47,407,118
2285,20250525,46,407,254
2286,20250117,36,577,325
2287,20250522,33,577,309
2288,20250224,21,577,107
2289,20250612,11,577,271
2290,20250912,57,577,193
2291,20250423,62,577,268
2292,20251205,10,371,64
2293,20250510,9,371,326
2294,20250703,62,371,89
2295,20250223,45,371,34
2296,20251202,39,371,298
2297,20250630,3,371,100
2298,20251205,23,119,85
2299,20250202,60,119,144
2300,20251017,32,119,160
2301,20251216,21,119,18
2302,20250507,3,119,71
2303,20250119,54,519,220
2304,20250326,28,519,198
2305,20250613,15,519,295
2306,20250608,42,519,103
2307,20250419,13,519,331
2308,20250829,59,519,313
2309,20250410,16,578,334
2310,20250221,19,578,270
2311,20250728,42,578,100
2312,20250415,61,578,340
2313,20251217,27,578,319
2314,20250327,46,317,261
2315,20250304,52,317,241
2316,20251014,13,317,158
2317,20250616,33,317,282
2318,20250425,62,317,113
2319,20250829,12,317,39
2320,20250820,58,81,207
2321,20251031,48,81,36
2322,20251014,38,81,340
2323,20250311,41,81,310
2324,20250131,64,81,116
2325,20250816,61,81,271
2326,20250502,53,173,95
2327,20250802,2,173,107
2328,20250813,47,173,193
2329,20251126,17,173,304
2330,20251102,24,173,136
2331,20250202,39,579,238
2332,20250525,13,579,207
2333,20250902,37,579,212
2334,20250218,38,579,186
2335,20250428,33,579,161
2336,20250401,53,579,182
2337,20250930,53,520,265
2338,20250313,31,520,165
2339,20251106,4,520,335
2340,20251229,36,520,24
2341,20250707,62,520,266
2342,20250227,28,520,52
2343,20250626,60,266,278
2344,20250824,43,266,163
2345,20250804,54,266,146
2346,20251129,12,266,18
2347,20251205,35,266,30
2348,20250105,11,266,272
2349,20250425,14,82,298
2350,20250615,17,82,222
2351,20250906,32,82,90
2352,20251117,5,82,127
2353,20250712,60,82,176
2354,20250506,43,120,77
2355,20250704,59,120,319
2356,20250614,10,120,142
2357,20250623,34,120,27
2358,20250622,19,120,162
2359,20251123,21,120,271
2360,20250414,36,459,327
2361,20251213,9,459,137
2362,20250215,19,459,237
2363,20251207,62,459,56
2364,20250719,45,459,343
2365,20251120,57,459,261
2366,20250421,56,460,92
2367,20250113,62,460,240
2368,20251012,32,460,350
2369,20250523,1,460,333
2370,20250816,43,460,286
2371,20250927,15,460,211
2372,20251020,13,219,91
2373,20251231,55,219,46
2374,20250313,8,219,114
2375,20250720,35,219,0
2376,20250504,24,219,178
2377,20250218,50,219,128
2378,20251110,31,121,276
2379,20251003,2,121,162
2380,20250213,38,121,122
2381,20250127,40,121,1
2382,20250725,63,121,177
2383,20250414,5,121,14
2384,20251110,4,408,155
2385,20250817,16,408,157
2386,20250714,43,408,279
2387,20250221,9,408,226
2388,20251027,37,408,257
2389,20250926,13,174,30
2390,20250610,34,174,274
2391,20251117,32,174,149
2392,20250813,35,174,152
2393,20251217,40,174,25
2394,20251006,39,31,185
2395,20250924,10,31,90
2396,20251124,46,31,333
2397,20250828,21,31,202
2398,20250418,51,31,201
2399,20250414,59,31,203
2400,20250829,47,220,52
2401,20250319,59,220,201
2402,20250501,20,220,7
2403,20250609,3,220,207
2404,20250921,13,220,25
2405,20250913,64,220,341
2406,20251130,51,461,130
2407,20250118,25,461,348
2408,20250201,6,461,48
2409,20250730,16,461,198
2410,20250809,36,461,192
2411,20250926,12,461,73
2412,20251001,31,462,1
2413,20250821,58,462,169
2414,20250319,37,462,193
2415,20250630,4,462,294
2416,20251121,5,462,53
2417,20250609,3,462,261
2418,20250123,59,409,212
2419,20250719,6,409,93
2420,20250803,47,409,151
2421,20251123,13,409,9
2422,20250515,31,409,226
2423,20250621,34,409,337
2424,20250609,10,267,68
2425,20250113,55,267,37
2426,20251117,57,267,199
2427,20251006,31,267,279
2428,20250829,13,267,163
2429,20250208,54,267,75
2430,20250320,29,580,140
2431,20251020,48,580,268
2432,20250517,60,580,177
2433,20250824,52,580,7
2434,20251125,55,580,34
2435,20250329,28,580,237
2436,20250627,32,175,13
2437,20250806,46,175,15
2438,20250218,51,175,227
2439,20250623,12,175,276
2440,20251203,27,175,113
2441,20250913,56,175,62
2442,20250203,17,221,130
2443,20251010,42,221,288
2444,20251024,21,221,149
2445,20250103,33,221,80
2446,20251210,37,221,259
2447,20250702,39,221,36
2448,20250313,40,318,181
2449,20250720,48,318,225
2450,20250303,17,318,1
2451,20251107,22,318,213
2452,20250621,60,318,85
2453,20250130,28,318,167
2454,20250202,42,319,307
2455,20250601,30,319,307
2456,20250507,49,319,27
2457,20250124,2,319,187
2458,20250509,32,319,249
2459,20250429,42,268,347
2460,20250721,17,268,328
2461,20250418,62,268,131
2462,20251031,3,268,299
2463,20251015,61,268,79
2464,20250110,48,268,268
2465,20250528,41,410,49
2466,20251202,46,410,210
2467,20251030,18,410,65
2468,20250921,15,410,23
2469,20250620,25,410,10
2470,20251210,1,410,139
2471,20250302,64,222,161
2472,20250419,27,222,64
2473,20250329,7,222,249
2474,20251111,38,222,30
2475,20250510,22,222,247
2476,20250906,42,269,63
2477,20250116,21,269,5
2478,20250702,7,269,131
2479,20251214,29,269,270
2480,20250929,5,269,141
2481,20251212,43,269,168
2482,20250727,15,521,193
2483,20250815,43,521,2
2484,20250721,3,521,112
2485,20250530,34,521,29
2486,20250223,2,521,134
2487,20251013,23,521,3
2488,20251124,45,581,256
2489,20250309,9,581,182
2490,20251027,16,581,347
2491,20250103,18,581,144
2492,20251025,23,581,110
2493,20250301,10,581,186
2494,20250905,47,176,168
2495,20250309,49,176,191
2496,20251015,14,176,214
2497,20250127,23,176,286
2498,20250220,34,176,341
2499,20251011,49,32,331
2500,20250623,42,32,127
2501,20250717,37,32,249
2502,20251109,50,32,80
2503,20251110,1,32,117
2504,20250418,58,32,5
2505,20250122,30,372,203
2506,20251003,12,372,334
2507,20250403,23,372,96
2508,20250828,40,372,286
2509,20251227,49,372,148
2510,20250213,32,372,47
2511,20250908,63,33,139
2512,20251201,58,33,344
2513,20250119,31,33,237
2514,20251112,4,33,301
2515,20250802,42,33,294
2516,20250204,38,33,273
2517,20251022,24,373,172
2518,20250430,40,373,230
2519,20250218,57,373,197
2520,20250625,13,373,10
2521,20250531,9,223,10
2522,20250912,56,223,345
2523,20251116,48,223,219
2524,20250420,18,223,142
2525,20250324,60,223,242
2526,20250915,32,223,350
2527,20251023,55,224,217
2528,20250718,27,224,51
2529,20250825,42,224,259
2530,20250730,36,224,118
2531,20250205,5,224,157
2532,20250516,28,224,16
2533,20250226,27,374,230
2534,20250617,41,374,197
2535,20251009,20,374,81
2536,20250315,55,374,283
2537,20251116,15,374,287
2538,20251026,31,177,344
2539,20250727,55,177,319
2540,20250929,26,177,326
2541,20251223,51,177,51
2542,20251014,1,177,346
2543,20250409,21,177,188
2544,20250802,42,522,233
2545,20250929,48,522,63
2546,20251017,30,522,188
2547,20250112,35,522,252
2548,20250811,2,522,63
2549,20250511,10,522,130
2550,20250520,9,225,30
2551,20250318,32,225,23
2552,20250121,45,225,159
2553,20250906,56,225,310
2554,20250915,57,270,287
2555,20250320,18,270,156
2556,20250517,32,270,105
2557,20251231,51,270,301
2558,20251103,52,270,294
2559,20250228,31,270,191
2560,20250614,62,122,323
2561,20250707,29,122,228
2562,20251014,9,122,236
2563,20250905,36,122,341
2564,20251225,15,122,30
2565,20251028,56,122,96
2566,20251221,30,271,220
2567,20250303,26,271,235
2568,20250410,64,271,165
2569,20251122,22,271,1
2570,20250529,48,271,243
2571,20250512,35,271,10
2572,20250729,39,272,50
2573,20250827,13,272,253
2574,20250903,35,272,75
2575,20250226,48,272,224
2576,20251022,47,272,229
2577,20250730,10,273,4
2578,20251223,41,273,91
2579,20251019,16,273,80
2580,20251219,64,273,12
2581,20250920,32,273,107
2582,20250813,57,123,85
2583,20250628,42,123,73
2584,20250206,14,123,126
2585,20250613,56,123,34
2586,20250804,60,123,158
2587,20250716,62,523,144
2588,20250322,49,523,262
2589,20251216,38,523,22
2590,20251114,15,523,223
2591,20251222,48,523,200
2592,20251230,57,523,163
2593,20250502,5,34,33
2594,20251226,27,34,15
2595,20250426,57,34,241
2596,20250321,52,34,69
2597,20250716,14,34,221
2598,20250727,55,34,222
2599,20250402,21,463,325
2600,20251118,26,463,80
2601,20251221,45,463,58
2602,20250523,37,463,289
2603,20250811,32,463,256
2604,20250503,56,582,34
2605,20250620,20,582,16
2606,20250406,27,582,114
2607,20250713,45,582,114
2608,20251201,40,582,285
2609,20250601,63,582,197
2610,20250303,27,524,161
2611,20250106,58,524,225
2612,20250707,40,524,340
2613,20250706,49,524,4
2614,20250711,15,524,318
2615,20250724,8,524,287
2616,20250408,64,464,64
2617,20251028,53,464,344
2618,20251029,36,464,279
2619,20250330,2,464,335
2620,20250723,3,464,287
2621,20250724,6,464,77
2622,20250707,16,583,32
2623,20251028,46,583,247
2624,20250208,47,583,185
2625,20250901,13,583,102
2626,20251029,26,583,128
2627,20250517,16,83,101
2628,20250929,5,83,171
2629,20251209,58,83,10
2630,20250910,52,83,319
2631,20250802,36,83,137
2632,20251225,35,274,76
2633,20250508,2,274,171
2634,20250307,28,274,72
2635,20250121,13,274,230
2636,20250102,5,274,48
2637,20250928,37,274,138
2638,20251002,38,375,285
2639,20251012,22,375,22
2640,20250509,31,375,337
2641,20250604,41,375,229
2642,20251128,5,375,341
2643,20250725,24,375,69
2644,20250108,11,84,4
2645,20250615,44,84,9
2646,20251031,33,84,277
2647,20250618,56,84,6
2648,20250122,23,84,260
2649,20250518,12,84,61
2650,20250118,13,320,174
2651,20251222,10,320,57
2652,20250712,3,320,173
2653,20251125,30,320,174
2654,20250810,58,320,336
2655,20250120,46,320,302
2656,20250730,40,525,49
2657,20250605,62,525,291
2658,20250312,7,525,11
2659,20250324,34,525,38
2660,20250315,5,525,132
2661,20251017,11,35,177
2662,20250723,50,35,97
2663,20250823,30,35,26
2664,20250918,28,35,318
2665,20251027,31,35,134
2666,20250208,56,35,306
2667,20250810,45,321,132
2668,20251218,60,321,213
2669,20250303,22,321,253
2670,20250701,50,321,200
2671,20251120,63,321,262
2672,20250605,16,124,29
2673,20251019,46,124,256
2674,20251129,3,124,148
2675,20250519,21,124,203
2676,20250928,24,124,20
2677,20251228,39,124,73
2678,20250426,26,584,65
2679,20250317,9,584,241
2680,20250908,35,584,282
2681,20250218,53,584,130
2682,20250220,49,584,211
2683,20251019,34,584,342
2684,20250916,31,465,60
2685,20250916,44,465,165
2686,20250506,1,465,295
2687,20250923,37,465,18
2688,20250519,19,465,188
2689,20250314,14,465,142
2690,20250305,61,526,261
2691,20250108,17,526,88
2692,20250716,18,526,313
2693,20251110,39,526,195
2694,20250709,21,526,91
2695,20250314,19,526,212
2696,20250501,60,125,275
2697,20250829,29,125,89
2698,20250511,51,125,118
2699,20250416,49,125,272
2700,20251227,12,125,310
2701,20251122,15,125,173
2702,20250921,5,36,68
2703,20250821,51,36,45
2704,20250308,35,36,215
2705,20250705,56,36,151
2706,20250717,57,36,68
2707,20250420,21,126,341
2708,20251125,2,126,48
2709,20251115,42,126,126
2710,20250422,11,126,15
2711,20251225,34,126,122
2712,20250805,56,37,217
2713,20250512,59,37,249
2714,20251127,21,37,246
2715,20250127,25,37,69
2716,20251205,48,37,40
2717,20250101,53,37,151
2718,20250330,42,527,285
2719,20250213,17,527,9
2720,20250817,1,527,279
2721,20251114,12,527,243
2722,20250424,32,527,329
2723,20250314,64,527,144
2724,20250516,26,127,68
2725,20250910,10,127,184
2726,20250403,22,127,230
2727,20250510,11,127,233
2728,20251212,24,127,228
2729,20250326,49,127,24
2730,20250608,29,85,269
2731,20250427,52,85,17
2732,20250929,6,85,97
2733,20250722,7,85,298
2734,20251005,56,85,250
2735,20250401,3,85,152
2736,20251014,21,322,300
2737,20251206,42,322,188
2738,20250609,38,322,304
2739,20250129,54,322,243
2740,20251226,29,322,295
2741,20251029,25,322,349
2742,20250612,28,376,76
2743,20250211,12,376,208
2744,20251227,49,376,340
2745,20251031,26,376,242
2746,20250816,25,376,210
2747,20250926,48,376,231
2748,20250426,60,466,40
2749,20251113,10,466,166
2750,20250617,30,466,326
2751,20251227,15,466,69
2752,20251231,32,466,58
2753,20250813,55,466,171
2754,20251113,42,585,44
2755,20250420,61,585,235
2756,20251020,25,585,249
2757,20250725,38,585,70
2758,20251026,62,585,258
2759,20250530,48,585,180
2760,20251011,64,226,245
2761,20250320,28,226,323
2762,20250123,42,226,10
2763,20250305,21,226,330
2764,20250219,6,226,15
2765,20250916,30,226,91
2766,20250614,58,128,43
2767,20251028,23,128,165
2768,20250510,48,128,55
2769,20251017,14,128,21
2770,20250220,52,128,227
2771,20250108,37,128,343
2772,20251222,46,227,263
2773,20250520,45,227,93
2774,20250331,30,227,337
2775,20251125,1,227,344
2776,20250721,25,227,301
2777,20250228,23,586,176
2778,20251028,57,586,63
2779,20250619,18,586,79
2780,20251201,9,586,92
2781,20250416,59,586,131
2782,20250429,47,586,167
2783,20250816,56,178,254
2784,20250930,28,178,171
2785,20250125,41,178,165
2786,20250205,62,178,340
2787,20251229,43,178,153
2788,20250208,53,179,244
2789,20250404,23,179,321
2790,20250731,6,179,15
2791,20251023,1,179,338
2792,20250904,45,179,18
2793,20250721,43,179,201
2794,20250824,64,411,46
2795,20250529,58,411,87
2796,20250719,27,411,188
2797,20251203,2,411,256
2798,20250422,43,411,25
2799,20250411,50,411,178
2800,20250817,32,377,272
2801,20250416,30,377,250
2802,20250129,53,377,47
2803,20250925,40,377,90
2804,20250206,56,86,347
2805,20250713,58,86,348
2806,20251109,13,86,133
2807,20250415,2,86,311
2808,20251210,31,86,207
2809,20251021,15,86,54
2810,20251224,39,528,201
2811,20250425,60,528,130
2812,20251026,62,528,19
2813,20251119,55,528,32
2814,20250721,41,528,172
2815,20250109,38,528,111
2816,20250703,35,412,27
2817,20250513,9,412,199
2818,20250919,13,412,228
2819,20250129,50,412,331
2820,20250225,30,412,256
2821,20251201,8,412,104
2822,20251210,14,323,323
2823,20251106,60,323,126
2824,20250323,56,323,186
2825,20250325,29,323,321
2826,20251025,31,323,162
2827,20250814,43,323,200
2828,20251031,61,87,264
2829,20250831,29,87,18
2830,20251222,48,87,93
2831,20250716,38,87,309
2832,20250219,40,87,307
2833,20251227,4,87,149
2834,20251203,40,413,25
2835,20250507,63,413,293
2836,20250419,57,413,53
2837,20250918,61,413,200
2838,20250830,43,413,99
2839,20250111,45,413,215
2840,20250528,49,129,274
2841,20250913,12,129,184
2842,20251221,16,129,42
2843,20250204,33,129,311
2844,20250330,19,129,136
2845,20250711,59,129,330
2846,20251208,30,467,223
2847,20251013,35,467,172
2848,20250321,15,467,80
2849,20250705,33,467,188
2850,20250615,6,467,279
2851,20251209,43,467,251
2852,20251008,60,468,75
2853,20250425,9,468,311
2854,20250315,45,468,182
2855,20250927,35,468,224
2856,20250223,27,468,254
2857,20250629,50,468,99
2858,20251207,57,529,269
2859,20250517,4,529,255
2860,20251213,44,529,141
2861,20250118,61,529,164
2862,20250319,51,529,350
2863,20250222,15,529,125
2864,20250927,12,414,25
2865,20251004,20,414,25
2866,20250726,61,414,161
2867,20250114,39,414,179
2868,20250226,31,414,277
2869,20251215,46,415,284
2870,20251101,7,415,249
2871,20250510,45,415,133
2872,20250210,20,415,222
2873,20250817,54,415,108
2874,20250807,26,415,280
2875,20250619,13,275,198
2876,20250430,58,275,112
2877,20250815,64,275,227
2878,20250729,35,275,293
2879,20250903,25,275,101
2880,20250321,3,275,75
2881,20250101,38,180,176
2882,20250906,17,180,111
2883,20251009,8,180,105
2884,20250506,24,180,255
2885,20250126,56,180,160
2886,20250301,5,180,84
2887,20250831,22,228,129
2888,20250114,45,228,213
2889,20251125,37,228,244
2890,20250325,55,228,218
2891,20250519,25,228,38
2892,20250907,63,228,300
2893,20250612,43,587,272
2894,20251107,63,587,58
2895,20250813,15,587,47
2896,20250429,13,587,248
2897,20250706,46,587,223
2898,20250814,21,587,314
2899,20250705,18,181,335
2900,20250506,41,181,59
2901,20251110,36,181,323
2902,20250515,4,181,129
2903,20250719,17,181,307
2904,20250903,60,324,173
2905,20250902,12,324,244
2906,20250502,59,324,142
2907,20250322,21,324,327
2908,20250424,37,324,72
2909,20250921,52,324,140
2910,20250211,53,469,317
2911,20250923,40,469,288
2912,20250711,13,469,170
2913,20251209,54,469,303
2914,20250306,57,469,113
2915,20250121,5,469,304
2916,20250527,48,130,163
2917,20250614,64,130,194
2918,20250526,37,130,186
2919,20251018,22,130,165
2920,20250425,45,130,292
2921,20250829,23,588,336
2922,20250407,56,588,68
2923,20250507,52,588,119
2924,20250622,3,588,208
2925,20251110,49,588,188
2926,20250322,56,38,202
2927,20251227,55,38,95
2928,20250726,57,38,304
2929,20250908,22,38,268
2930,20251119,27,38,250
2931,20250408,61,416,243
2932,20250507,17,416,217
2933,20250829,26,416,301
2934,20251025,60,416,112
2935,20250507,20,416,263
2936,20250730,50,416,197
2937,20250621,64,182,166
2938,20250124,44,182,338
2939,20251104,17,182,71
2940,20251109,36,182,80
2941,20251220,51,229,93
2942,20250702,46,229,207
2943,20250529,41,229,176
2944,20250109,24,229,121
2945,20250605,11,229,318
2946,20250613,29,183,226
2947,20251010,16,183,299
2948,20250523,44,183,84
2949,20251011,8,183,161
2950,20251011,5,183,302
2951,20250118,42,183,343
2952,20251220,23,276,102
2953,20250706,45,276,1
2954,20250623,44,276,200
2955,20250902,38,276,320
2956,20250925,30,276,223
2957,20250709,37,276,317
2958,20250124,55,88,97
2959,20250801,32,88,310
2960,20250203,29,88,93
2961,20250224,46,88,273
2962,20251008,39,88,198
2963,20250819,6,88,283
2964,20250819,40,39,114
2965,20250321,43,39,285
2966,20251021,60,39,147
2967,20250213,61,39,158
2968,20250222,18,39,242
2969,20250102,38,39,123
2970,20250421,13,378,271
2971,20250914,47,378,349
2972,20250922,58,378,217
2973,20250815,18,378,216
2974,20251002,40,378,101
2975,20250904,59,589,243
2976,20251016,38,589,179
2977,20250505,27,589,229
2978,20250221,15,589,148
2979,20251124,47,589,163
2980,20251204,14,589,246
2981,20251219,30,590,168
2982,20251111,63,590,333
2983,20250203,45,590,280
2984,20251004,3,590,321
2985,20250928,47,590,166
2986,20250419,52,590,77
2987,20251119,63,230,241
2988,20250927,17,230,23
2989,20250528,3,230,78
2990,20250527,33,230,8
2991,20250131,40,230,189
2992,20251024,35,230,155
2993,20250808,11,325,60
2994,20250625,14,325,44
2995,20251119,13,325,187
2996,20250215,45,325,223
2997,20250526,18,325,331
2998,20250621,30,231,159
2999,20250118,47,231,154
3000,20251028,63,231,283
3001,20251117,62,231,66
3002,20250727,60,231,11
3003,20251216,58,231,318
3004,20250620,34,417,123
3005,20250628,4,417,332
3006,20250121,23,417,259
3007,20250721,35,417,335
3008,20250422,63,417,287
3009,20250907,24,417,149
3010,20250906,38,89,49
3011,20250424,4,89,268
3012,20250203,40,89,178
3013,20251208,37,89,329
3014,20250520,34,89,133
3015,20251110,17,89,325
3016,20250121,57,470,18
3017,20250702,14,470,133
3018,20250520,12,470,9
3019,20250802,27,470,278
3020,20250326,23,470,323
3021,20250813,10,326,56
3022,20251024,4,326,289
3023,20250418,45,326,229
3024,20250108,28,326,254
3025,20250301,21,326,256
3026,20251001,13,326,208
3027,20251007,10,591,320
3028,20251105,11,591,194
3029,20250403,54,591,347
3030,20250706,46,591,49
3031,20250715,63,591,51
3032,20250514,59,591,166
3033,20250628,34,90,79
3034,20250225,50,90,215
3035,20250726,40,90,225
3036,20250820,41,90,256
3037,20250324,11,90,88
3038,20250913,8,90,181
3039,20251120,24,327,30
3040,20250916,44,327,331
3041,20250303,2,327,231
3042,20251130,40,327,118
3043,20250622,47,327,45
3044,20250806,20,327,48
3045,20250510,20,592,135
3046,20250802,52,592,44
3047,20250516,13,592,18
3048,20250709,61,592,53
3049,20250514,57,592,220
3050,20251216,6,592,176
3051,20250527,3,131,305
3052,20250423,54,131,58
3053,20250123,35,131,285
3054,20250917,15,131,304
3055,20250311,32,131,219
3056,20251101,13,593,126
3057,20250326,36,593,166
3058,20250901,20,593,88
3059,20251227,63,593,1
3060,20251204,9,593,144
3061,20250812,41,593,159
3062,20250408,19,328,63
3063,20250525,45,328,97
3064,20250630,35,328,166
3065,20250214,51,328,197
3066,20250315,16,328,101
3067,20250207,17,132,176
3068,20251208,61,132,294
3069,20250309,8,132,139
3070,20250314,60,132,185
3071,20251005,40,132,205
3072,20250330,8,379,269
3073,20250322,17,379,224
3074,20250319,54,379,36
3075,20250416,2,379,96
3076,20251221,26,379,16
3077,20251113,53,379,336
3078,20250319,63,329,127
3079,20250323,18,329,240
3080,20250505,56,329,126
3081,20250306,7,329,209
3082,20250808,31,329,228
3083,20250811,35,329,149
3084,20251025,27,40,63
3085,20250717,55,40,149
3086,20251124,17,40,228
3087,20251026,35,40,150
3088,20250529,62,40,294
3089,20251109,60,40,310
3090,20250322,50,380,253
3091,20250916,9,380,209
3092,20250103,15,380,309
3093,20250727,44,380,117
3094,20250813,39,380,216
3095,20250418,25,380,256
3096,20250224,5,41,105
3097,20251102,9,41,230
3098,20250505,64,41,174
3099,20250417,14,41,21
3100,20250413,54,41,96
3101,20250920,25,530,49
3102,20250723,35,530,53
3103,20251004,27,530,143
3104,20250508,61,530,80
3105,20251102,31,530,61
3106,20250905,62,133,288
3107,20250704,9,133,48
3108,20250514,5,133,125
3109,20251211,39,133,11
3110,20250714,59,184,120
3111,20250529,45,184,30
3112,20250314,17,184,19
3113,20250331,15,184,334
3114,20250911,64,184,159
3115,20251106,52,184,327
3116,20251223,3,531,281
3117,20251125,56,531,218
3118,20250306,38,531,212
3119,20250929,7,531,30
3120,20250209,25,531,16
3121,20250110,62,232,333
3122,20251230,59,232,69
3123,20250202,24,232,268
3124,20250701,22,232,328
3125,20250929,44,232,216
3126,20251010,58,594,214
3127,20251013,56,594,200
3128,20250529,40,594,58
3129,20250426,48,594,226
3130,20250128,19,594,100
3131,20250212,10,594,232
3132,20250624,22,418,26
3133,20250723,46,418,90
3134,20250104,9,418,246
3135,20251130,24,418,90
3136,20250527,45,418,252
3137,20250929,26,277,273
3138,20250202,54,277,87
3139,20250825,64,277,86
3140,20250302,41,277,272
3141,20250320,24,277,89
3142,20250120,55,595,131
3143,20251031,27,595,151
3144,20251217,28,595,281
3145,20250708,52,595,250
3146,20251002,37,595,259
3147,20250130,24,419,26
3148,20251021,40,419,322
3149,20250808,23,419,138
3150,20250730,2,419,204
3151,20250504,42,419,267
3152,20250704,19,419,179
3153,20251006,31,134,172
3154,20250910,26,134,276
3155,20250107,46,134,19
3156,20250117,2,134,237
3157,20250128,58,134,297
3158,20250816,55,134,59
3159,20251028,9,330,185
3160,20250525,25,330,1
3161,20250502,53,330,107
3162,20251211,5,330,191
3163,20250804,35,330,297
3164,20250301,11,330,9
3165,20251213,51,135,316
3166,20250617,4,135,106
3167,20250811,14,135,3
3168,20250716,46,135,89
3169,20250417,6,135,290
3170,20250522,53,135,198
3171,20250714,34,331,59
3172,20250127,14,331,149
3173,20250408,58,331,79
3174,20250202,56,331,3
3175,20251220,11,331,43
3176,20251105,61,331,61
3177,20250621,22,381,23
3178,20251207,37,381,309
3179,20250705,42,381,293
3180,20250207,55,381,283
3181,20250103,32,381,5
3182,20250814,1,381,211
3183,20250708,30,332,306
3184,20250810,51,332,241
3185,20250404,36,332,185
3186,20250503,15,332,56
3187,20250712,40,332,269
3188,20250112,9,471,216
3189,20251025,48,471,150
3190,20250707,14,471,98
3191,20250816,15,471,225
3192,20251207,37,471,41
3193,20250123,32,471,296
3194,20250911,61,532,65
3195,20250910,6,532,316
3196,20250721,44,532,83
3197,20250927,38,532,161
3198,20251116,9,532,267
3199,20250301,50,532,304
3200,20250217,44,333,58
3201,20250325,7,333,132
3202,20250322,43,333,59
3203,20250609,63,333,256
3204,20250802,37,333,156
3205,20250208,60,333,111
3206,20250217,53,91,135
3207,20251216,5,91,0
3208,20251102,56,91,205
3209,20250612,32,91,158
3210,20251005,43,91,27
3211,20250103,54,91,243
3212,20250910,17,278,46
3213,20250825,45,278,45
3214,20250223,54,278,198
3215,20250119,8,278,332
3216,20250420,35,278,231
3217,20250116,59,420,83
3218,20250829,6,420,162
3219,20250703,27,420,194
3220,20250107,18,420,132
3221,20251019,25,420,32
3222,20251230,25,421,29
3223,20250318,3,421,283
3224,20250304,59,421,38
3225,20250416,49,421,143
3226,20250605,34,421,88
3227,20250510,14,421,62
3228,20250521,25,596,73
3229,20250306,53,596,74
3230,20251126,3,596,31
3231,20250306,27,596,150
3232,20250805,14,596,40
3233,20250724,16,596,133
3234,20250220,41,334,178
3235,20251111,18,334,173
3236,20250523,36,334,121
3237,20250613,61,334,200
3238,20250911,23,334,33
3239,20250512,62,334,217
3240,20251025,13,136,138
3241,20250809,33,136,4
3242,20251127,56,136,165
3243,20250219,11,136,52
3244,20251201,7,136,243
3245,20251125,16,136,114
3246,20251217,59,42,53
3247,20251006,32,42,254
3248,20250124,53,42,350
3249,20251002,35,42,247
3250,20251217,12,42,295
3251,20250712,25,42,231
3252,20250521,11,597,7
3253,20250615,20,597,344
3254,20251124,36,597,142
3255,20250502,18,597,123
3256,20250710,64,597,114
3257,20250218,61,43,17
3258,20250704,12,43,257
3259,20250504,16,43,185
3260,20251226,33,43,340
3261,20250125,23,43,163
3262,20251016,43,43,2
3263,20250617,61,472,265
3264,20251013,46,472,203
3265,20250518,6,472,229
3266,20251114,55,472,9
3267,20251017,32,472,86
3268,20251203,8,472,167
3269,20250915,5,92,78
3270,20250517,23,92,271
3271,20250126,43,92,258
3272,20251107,55,92,105
3273,20250330,21,92,325
3274,20250627,50,44,305
3275,20251220,16,44,18
3276,20250401,61,44,195
3277,20251127,25,44,262
3278,20250919,7,44,13
3279,20250128,6,44,335
3280,20250824,14,598,60
3281,20251105,6,598,170
3282,20250318,33,598,283
3283,20250504,8,598,107
3284,20250618,50,598,94
3285,20250913,27,598,248
3286,20250923,29,422,109
3287,20250305,45,422,219
3288,20250514,64,422,59
3289,20250523,30,422,97
3290,20251201,58,422,254
3291,20251225,13,423,119
3292,20250403,50,423,130
3293,20250608,9,423,346
3294,20251108,37,423,6
3295,20250118,26,423,94
3296,20250503,44,423,304
3297,20251113,18,473,33
3298,20250311,26,473,290
3299,20251125,17,473,115
3300,20250706,42,473,294
3301,20250404,44,474,343
3302,20250824,23,474,107
3303,20250821,36,474,178
3304,20250924,30,474,113
3305,20250805,62,474,50
3306,20250222,1,185,53
3307,20250503,22,185,37
3308,20250126,50,185,106
3309,20250901,6,185,15
3310,20250710,12,185,96
3311,20250514,37,185,91
3312,20251231,20,186,147
3313,20250419,62,186,87
3314,20250403,18,186,64
3315,20250118,58,186,87
3316,20251227,57,186,164
3317,20250605,8,599,294
3318,20250223,61,599,299
3319,20250107,34,599,245
3320,20251015,33,599,180
3321,20250416,63,599,265
3322,20250328,31,599,316
3323,20250406,41,45,283
3324,20251129,61,45,192
3325,20250104,8,45,264
3326,20250418,16,45,305
3327,20250429,32,45,319
3328,20251006,54,137,306
3329,20251004,58,137,126
3330,20250816,19,137,101
3331,20251129,4,137,142
3332,20250425,30,137,49
3333,20250328,54,424,202
3334,20250108,1,424,7
3335,20250917,2,424,332
3336,20251208,1,335,51
3337,20251017,10,335,91
3338,20250922,55,335,118
3339,20250311,64,335,29
3340,20250909,20,335,143
3341,20250423,38,336,181
3342,20250710,62,336,35
3343,20250221,64,336,150
3344,20250109,44,336,228
3345,20250802,32,336,210
3346,20250430,8,533,109
3347,20251021,26,533,51
3348,20251223,53,533,220
3349,20251030,27,533,53
3350,20250423,29,533,172
3351,20250506,14,533,304
3352,20250130,15,534,350
3353,20250910,31,534,249
3354,20250827,8,534,39
3355,20250906,58,534,110
3356,20251130,9,534,323
3357,20250801,1,534,14
3358,20250922,2,138,189
3359,20250902,53,138,23
3360,20250720,48,138,49
3361,20250818,54,138,138
3362,20250519,3,138,286
3363,20250201,44,46,164
3364,20251107,40,46,338
3365,20250423,53,46,171
3366,20251116,35,46,225
3367,20250308,55,46,61
3368,20251115,54,139,17
3369,20251008,51,139,244
3370,20250430,55,139,11
3371,20250106,64,139,164
3372,20251004,31,139,212
3373,20250210,20,337,275
3374,20250531,37,337,134
3375,20250611,16,337,17
3376,20251122,63,337,28
3377,20250709,30,337,43
3378,20250905,41,337,214
3379,20251127,46,338,201
3380,20251104,21,338,161
3381,20250505,35,338,347
3382,20250206,52,338,12
3383,20251118,48,338,131
3384,20250118,8,338,155
3385,20250511,7,339,36
3386,20250703,13,339,221
3387,20250512,25,339,265
3388,20250107,43,339,25
3389,20250120,46,339,150
3390,20250731,21,339,149
3391,20250601,30,425,108
3392,20250629,1,425,225
3393,20250728,24,425,184
3394,20251010,42,425,144
3395,20250314,13,425,309
3396,20250806,18,425,202
3397,20250121,25,426,271
3398,20250619,41,426,308
3399,20250917,16,426,45
3400,20251208,48,426,87
3401,20250630,6,426,196
3402,20251203,9,426,348
3403,20251105,8,600,168
3404,20250504,20,600,157
3405,20250112,28,600,173
3406,20250912,64,600,36
3407,20251120,40,600,36
3408,20250521,21,600,350
3409,20250221,62,382,96
3410,20251220,59,382,20
3411,20251225,34,382,80
3412,20251026,31,382,62
3413,20250830,27,382,205
3414,20250705,13,382,83
3415,20250523,33,279,149
3416,20250803,7,279,303
3417,20251126,15,279,187
3418,20250403,17,279,310
3419,20250607,1,279,349
3420,20251005,55,279,340
